DB,SMILES,alk_mods,ring_mods,delta_mz
BILELIB19,CC(CCC(=O)O)C1CCC2C3C(O)CC4CC(O)CCC4(C)C3CCC12C,['[*]C(C)CCC(=O)O'],['[*]O'],0
BILELIB19,CC(CCC(=O)O)C1CCC2C3C(O)CC4CC(O)CCC4(C)C3CC(O)C12C,['[*]C(C)CCC(=O)O'],['[*]O'],0
BILELIB19,CC(CCC(=O)O)C1CCC2C3CCC4CC(O)CCC4(C)C3CC(O)C12C,['[*]C(C)CCC(=O)O'],['[*]O'],0
BILELIB19,CC(CCC(=O)NCC(=O)O)C1CCC2C3C(O)CC4CC(O)CCC4(C)C3CCC12C,['[*]C(C)CCC(=O)NCC(=O)O'],['[*]O'],57.0215
BILELIB19,CC(CCC(=O)NCC(=O)O)C1CCC2C3C(O)CC4CC(O)CCC4(C)C3CC(O)C12C,['[*]C(C)CCC(=O)NCC(=O)O'],['[*]O'],57.0215
BILELIB19,CC(CCC(=O)NCC(=O)O)C1CCC2C3CCC4CC(O)CCC4(C)C3CC(O)C12C,['[*]C(C)CCC(=O)NCC(=O)O'],['[*]O'],57.0215
BILELIB19,CC(CCC(=O)NCC(=O)O)C1CCC2C3C(O)C(O)C4CC(O)CCC4(C)C3CCC12C,['[*]C(C)CCC(=O)NCC(=O)O'],['[*]O'],57.0215
BILELIB19,CC(CCC(=O)NCC(=O)O)C1CCC2C3CC(O)C4CC(O)CCC4(C)C3CCC12C,['[*]C(C)CCC(=O)NCC(=O)O'],['[*]O'],57.0215
BILELIB19,CC(CCC(=O)NCC(=O)O)C1CCC2C3CCC4CC(O)CCC4(C)C3CCC12C,['[*]C(C)CCC(=O)NCC(=O)O'],['[*]O'],57.0215
BILELIB19,CC(CCC(=O)O)C1CCC2C3C(O)C(O)C4CC(O)CCC4(C)C3CCC12C,['[*]C(C)CCC(=O)O'],['[*]O'],0
BILELIB19,CC(CCC(=O)O)C1CCC2C3CC(O)C4CC(O)CCC4(C)C3CCC12C,['[*]C(C)CCC(=O)O'],['[*]O'],0
BILELIB19,CC(CCC(=O)O)C1CCC2C3CCC4CC(O)CCC4(C)C3CCC12C,['[*]C(C)CCC(=O)O'],['[*]O'],0
BILELIB19,CC(CCC(=O)NCCS(=O)(=O)O)C1CCC2C3C(O)CC4CC(O)CCC4(C)C3CCC12C,['[*]C(C)CCC(=O)NCCS(=O)(=O)O'],['[*]O'],107.0041
BILELIB19,CC(CCC(=O)NCCS(=O)(=O)O)C1CCC2C3C(O)CC4CC(O)CCC4(C)C3CC(O)C12C,['[*]C(C)CCC(=O)NCCS(=O)(=O)O'],['[*]O'],107.0041
BILELIB19,CC(CCC(=O)NCCS(=O)(=O)O)C1CCC2C3CCC4CC(O)CCC4(C)C3CC(O)C12C,['[*]C(C)CCC(=O)NCCS(=O)(=O)O'],['[*]O'],107.0041
BILELIB19,CC(CCC(=O)NCCS(=O)(=O)O)C1CCC2C3C(O)C(O)C4CC(O)CCC4(C)C3CCC12C,['[*]C(C)CCC(=O)NCCS(=O)(=O)O'],['[*]O'],107.0041
BILELIB19,CC(CCC(=O)NCCS(=O)(=O)O)C1CCC2C3CC(O)C4CC(O)CCC4(C)C3CCC12C,['[*]C(C)CCC(=O)NCCS(=O)(=O)O'],['[*]O'],107.0041
BILELIB19,CC(CCC(=O)NCCS(=O)(=O)O)C1CCC2C3CCC4CC(O)CCC4(C)C3CCC12C,['[*]C(C)CCC(=O)NCCS(=O)(=O)O'],['[*]O'],107.0041
BILELIB19,CC(CCC(=O)NC(CS)C(=O)O)C1CCC2C3C(O)CC4CC(O)CCC4(C)C3CCC12C,['[*]C(C)CCC(=O)NC(CS)C(=O)O'],['[*]O'],103.0092
BILELIB19,CC(CCCC(=O)O)C1CCC2C3C(O)CC4CC(O)CCC4(C)C3CC(O)C12C,['[*]C(C)CCCC(=O)O'],['[*]O'],14.0157
BILELIB19,CC(CCC(=O)O)C1CCC2C3CCC4CC(O)CC(O)C4(C)C3CC(O)C12C,['[*]C(C)CCC(=O)O'],['[*]O'],0
BILELIB19,CC(CCCC(C)C1CCC2C3C(O)CC4CC(O)C(O)CC4(C)C3CC(O)C12C)C(=O)O,['[*]C(C)CCCC(C)C(=O)O'],['[*]O'],42.047
BILELIB19,CC(CCC(O)C(C)C(=O)O)C1CCC2C3C(O)CC4CC(O)CCC4(C)C3CCC12C,['[*]C(C)CCC(O)C(C)C(=O)O'],['[*]O'],58.0419
BILELIB19,CC(CCC(=O)O)C1CCC2C3C(O)CC4CCCCC4(C)C3CC(O)C12C,['[*]C(C)CCC(=O)O'],['[*]O'],0
BILELIB19,CC(CCC(=O)O)C1CCC2C3C(O)CC4CC(O)CC(O)C4(C)C3CCC12C,['[*]C(C)CCC(=O)O'],['[*]O'],0
BILELIB19,CC(CCC(=O)O)C1CCC2C3C(O)C(O)C4CC(O)CCC4(C)C3CC(O)C12C,['[*]C(C)CCC(=O)O'],['[*]O'],0
BILELIB19,CC(CCC(=O)NCCS(=O)(=O)O)C1C(O)CC2C3C(O)CC4CC(O)CCC4(C)C3CCC21C,['[*]C(C)CCC(=O)NCCS(=O)(=O)O'],['[*]O'],107.0041
BILELIB19,COC(=O)CCC(C)C1CCC2C3CC(=O)C4CC(=O)CCC4(C)C3CCC12C,['[*]C(C)CCC(=O)OC'],['[*]=O'],9.9844
BILELIB19,CC(CC(=O)O)C1CCC2C3C(O)CC4CC(O)CCC4(C)C3CCC12C,['[*]C(C)CC(=O)O'],['[*]O'],-14.0156
BILELIB19,CC(CC(=O)O)C1CCC2C3CC(O)C4CC(O)CCC4(C)C3CCC12C,['[*]C(C)CC(=O)O'],['[*]O'],-14.0156
BILELIB19,CC(CCC(=O)O)C1CCC2C3CCC4CC(O)CCC4(C)C3CC(=O)C12C,['[*]C(C)CCC(=O)O'],"['[*]=O', '[*]O']",-2.0156
BILELIB19,CC(CCC(=O)O)C1CCC2C3C(O)CC4CC(=O)CCC4(C)C3CC(O)C12C,['[*]C(C)CCC(=O)O'],"['[*]O', '[*]=O']",-2.0156
BILELIB19,CC(/C=C/C(=O)NCC(=O)O)C1CCC2C3C(O)C(O)C4CC(O)CCC4(C)C3CCC12C,['[*]C(C)/C=C/C(=O)NCC(=O)O'],['[*]O'],55.0059
BILELIB19,COC(=O)CCC(C)C1CCC2(O)C3C(O)CC4CC(O)CCC4(C)C3CCC12C,['[*]C(C)CCC(=O)OC'],['[*]O'],14.0157
BILELIB19,CC(CCC(=O)O)C1CCC2C3CC(=O)C4CC(O)CCC4(C)C3CCC12C,['[*]C(C)CCC(=O)O'],"['[*]O', '[*]=O']",-2.0156
BILELIB19,CC(CCC(=O)O)C1CCC2C3C(=O)CC4CC(=O)CCC4(C)C3CCC12C,['[*]C(C)CCC(=O)O'],['[*]=O'],-4.0313
BILELIB19,CC(CC(O)C(=O)O)C1CCC2C3CCC4CC(O)CCC4(C)C3CC(O)C12C,['[*]C(C)CC(O)C(=O)O'],['[*]O'],15.995
BILELIB19,CC(CCC(=O)O)C1CCC2C3CCC4CC(O)CC(O)C4(C)C3CCC12C,['[*]C(C)CCC(=O)O'],['[*]O'],0
BILELIB19,CC(CC(=O)O)C1CCC2C3C(O)CC4CC(OC5OC(C(=O)O)C(O)C(O)C5O)CCC4(C)C3CCC12C,['[*]C(C)CC(=O)O'],"['[*]OC1OC(C(=O)O)C(O)C(O)C1O', '[*]O']",178.0114
BILELIB19,CC(CCC(=O)O)C1CCC2C3CCC4CC(=O)CCC4(C)C3CCC12C,['[*]C(C)CCC(=O)O'],['[*]=O'],-2.0156
BILELIB19,CC(CC(O)C(=O)O)C1CCC2C3CCC4CC(O)CCC4(C)C3CCC12C,['[*]C(C)CC(O)C(=O)O'],['[*]O'],15.9949
BILELIB19,CC(CCC(=O)O)C1CCC2C3C(O)CC4CC(OS(=O)(=O)O)CCC4(C)C3CC(O)C12C,['[*]C(C)CCC(=O)O'],"['[*]O', '[*]OS(=O)(=O)O']",95.9518
BILELIB19,CC(CCC(=O)O)C1CCC2(O)C3C(O)CC4CC(O)CCC4(C)C3CCC12C,['[*]C(C)CCC(=O)O'],['[*]O'],0
BILELIB19,CC(CCC(=O)O)C1CCC2C3CCC4C(O)C(O)CCC4(C)C3CCC12C,['[*]C(C)CCC(=O)O'],['[*]O'],0
BILELIB19,CCOC(=O)CCC(C)C1CCC2C3C(O)CC4CC(=O)CCC4(C)C3CC(=O)C12C,['[*]C(C)CCC(=O)OCC'],"['[*]=O', '[*]O']",24
BILELIB19,CC(CCC(=O)O)C1CCC2C3C(O)CC4C(O)C(O)CCC4(C)C3CCC12C,['[*]C(C)CCC(=O)O'],['[*]O'],0
BILELIB19,CC(CCC(=O)O)C1CCC2C3C(O)CC4C(O)C(O)CCC4(C)C3CC(O)C12C,['[*]C(C)CCC(=O)O'],['[*]O'],0
BILELIB19,CC(CCC(=O)O)C1CCC2C3C(O)CC4CC(O)CCC4(C)C3CC(=O)C12C,['[*]C(C)CCC(=O)O'],"['[*]=O', '[*]O']",-2.0156
BILELIB19,CC(CCC(=O)O)C1CCC2C3C(O)C(C)C4CC(O)CCC4(C)C3CC(O)C12C,['[*]C(C)CCC(=O)O'],"['[*]O', '[*]C']",14.0157
BILELIB19,CC(CCC(=O)NCCS(=O)(=O)O)C1CCC2C3CCC4CC(OS(=O)(=O)O)CCC4(C)C3CC(OS(=O)(=O)O)C12C,['[*]C(C)CCC(=O)NCCS(=O)(=O)O'],['[*]OS(=O)(=O)O'],298.9076
BILELIB19,CC(CCC(=O)O)C1CCC2C3CC(=O)C4CC(=O)CCC4(C)C3CCC12C,['[*]C(C)CCC(=O)O'],['[*]=O'],-4.0313
BILELIB19,CC(/C=C/C(=O)O)C1CCC2C3C(=O)CC4CC(O)CCC4(C)C3CCC12C,['[*]C(C)/C=C/C(=O)O'],"['[*]O', '[*]=O']",-4.0313
BILELIB19,CC(CCC(=O)O)C1CCC2C3C(=O)CC4CC(O)CCC4(C)C3CC(=O)C12C,['[*]C(C)CCC(=O)O'],"['[*]=O', '[*]O']",-4.0313
BILELIB19,CC(CCC(=O)O)C1CCC2C3CCC4CC(OC5OC(C(=O)O)C(O)C(O)C5O)CCC4(C)C3CC(O)C12C,['[*]C(C)CCC(=O)O'],"['[*]O', '[*]OC1OC(C(=O)O)C(O)C(O)C1O']",192.027
BILELIB19,CC(CCC(=O)O)C1CCC2C3CCC4CC(OC5OC(C(=O)O)C(O)C(O)C5O)CCC4(C)C3CCC12C,['[*]C(C)CCC(=O)O'],['[*]OC1OC(C(=O)O)C(O)C(O)C1O'],192.027
BILELIB19,CC(CCC(=O)O)C1CCC2C3C(O)CC4CC(OC5OC(C(=O)O)C(O)C(O)C5O)CCC4(C)C3CC(O)C12C,['[*]C(C)CCC(=O)O'],"['[*]O', '[*]OC1OC(C(=O)O)C(O)C(O)C1O']",192.027
BILELIB19,CC(C(O)CC(=O)O)C1CCC2C3C(O)CC4CC(O)CCC4(C)C3CCC12C,['[*]C(C)C(O)CC(=O)O'],['[*]O'],15.995
BILELIB19,CC(CCC(=O)O)C1CCC2C3C(OS(=O)(=O)O)CC4CC(OS(=O)(=O)O)CCC4(C)C3CCC12C,['[*]C(C)CCC(=O)O'],['[*]OS(=O)(=O)O'],191.9035
BILELIB19,CC(/C=C/C(=O)NCCS(=O)(=O)O)C1CCC2C3C(O)CC4CC(O)CCC4(C)C3CC(O)C12C,['[*]C(C)/C=C/C(=O)NCCS(=O)(=O)O'],['[*]O'],104.9885
BILELIB19,CC(CCC(=O)O)C1CCC2C3C(O)CC4CC(OC5OC(C(=O)O)C(O)C(O)C5O)CCC4(C)C3CCC12C,['[*]C(C)CCC(=O)O'],"['[*]OC1OC(C(=O)O)C(O)C(O)C1O', '[*]O']",192.027
BILELIB19,CC(CCC(=O)NCCS(=O)(=O)O)C1CCC2C3CCC4CC(OS(=O)(=O)O)CCC4(C)C3CC(O)C12C,['[*]C(C)CCC(=O)NCCS(=O)(=O)O'],"['[*]O', '[*]OS(=O)(=O)O']",202.9559
BILELIB19,CC(/C=C/C(=O)O)C1CCC2C3CCC4CC(O)CCC4(C)C3CC(O)C12C,['[*]C(C)/C=C/C(=O)O'],['[*]O'],-2.0156
BILELIB19,CC(CCC(=O)O)C1CCC2C3C(O)CC4=CC(=O)CCC4(C)C3CCC12C,['[*]C(C)CCC(=O)O'],"['[*]=O', '[*]O']",-4.0313
BILELIB19,CC(CCC(O)C(C)C(=O)O)C1CCC2C3C(O)CC4CC(O)CCC4(C)C3CC(O)C12C,['[*]C(C)CCC(O)C(C)C(=O)O'],['[*]O'],58.0419
BILELIB19,CC(CCC(O)C(C)C(=O)NCCS(=O)(=O)O)C1CCC2C3C(O)CC4CC(O)CCC4(C)C3CC(O)C12C,['[*]C(C)CCC(O)C(C)C(=O)NCCS(=O)(=O)O'],['[*]O'],165.046
BILELIB19,CC(/C=C/C(=O)NCCS(=O)(=O)O)C1CCC2C3C(O)C(O)C4CC(O)CCC4(C)C3CCC12C,['[*]C(C)/C=C/C(=O)NCCS(=O)(=O)O'],['[*]O'],104.9885
BILELIB19,COC(=O)CCC(C)C1CCC2C3C(O)CC4CC(O)CCC4(C)C3CCC12C,['[*]C(C)CCC(=O)OC'],['[*]O'],14.0157
BILELIB19,CC(CCC(=O)N(C)CC(=O)O)C1CCC2C3C(O)CC4CC(O)CCC4(C)C3CCC12C,['[*]C(C)CCC(=O)N(C)CC(=O)O'],['[*]O'],71.0372
BILELIB19,CC(CCC(=O)O)C1CCC2C3C(O)CC4CC(O)C(O)CC4(C)C3CC(O)C12C,['[*]C(C)CCC(=O)O'],['[*]O'],0
BILELIB19,CC(CCC(=O)NCC(=O)NCC(=O)O)C1CCC2C3C(O)CC4CC(O)CCC4(C)C3CC(O)C12C,['[*]C(C)CCC(=O)NCC(=O)NCC(=O)O'],['[*]O'],114.043
BILELIB19,COC(=O)/C=C/C(C)C1CCC2C3C(O)CC4CC(O)CCC4(C)C3CCC12C,['[*]C(C)/C=C/C(=O)OC'],['[*]O'],12
BILELIB19,CC(CCC(=O)NCC(=O)NCCS(=O)(=O)O)C1CCC2C3CCC4CC(O)CCC4(C)C3CC(O)C12C,['[*]C(C)CCC(=O)NCC(=O)NCCS(=O)(=O)O'],['[*]O'],164.0256
BILELIB19,CC(CCCC(C)C1CCC2C3C(O)CC4CC(O)CCC4(C)C3CC(O)C12C)C(=O)O,['[*]C(C)CCCC(C)C(=O)O'],['[*]O'],42.047
BILELIB19,CC(CCC(=O)N(C)CCS(=O)(=O)O)C1CCC2C3C(O)CC4CC(O)CCC4(C)C3CCC12C,['[*]C(C)CCC(=O)N(C)CCS(=O)(=O)O'],['[*]O'],121.0198
BILELIB19,CC(CCC(=O)O)C1CCC2C3CC(O)C4CC(O)CCC4(C)C3CC(O)C12C,['[*]C(C)CCC(=O)O'],['[*]O'],0
BILELIB19,CC(CCC(=O)NC(CCCCN)C(=O)O)C1CCC2C3C(O)CC4CC(O)CCC4(C)C3CC(O)C12C,['[*]C(C)CCC(=O)NC(CCCCN)C(=O)O'],['[*]O'],128.095
BILELIB19,CC(CC(O)C(=O)O)C1CCC2C3C(O)CC4CC(O)CCC4(C)C3CCC12C,['[*]C(C)CC(O)C(=O)O'],['[*]O'],15.995
BILELIB19,CC(CCC(=O)N(C)CC(=O)O)C1CCC2C3CCC4CC(O)CCC4(C)C3CC(O)C12C,['[*]C(C)CCC(=O)N(C)CC(=O)O'],['[*]O'],71.0372
BILELIB19,CC(CCC(=O)N(C)CC(=O)O)C1CCC2C3CCC4CC(O)CCC4(C)C3CCC12C,['[*]C(C)CCC(=O)N(C)CC(=O)O'],['[*]O'],71.0371
BILELIB19,COC(=O)/C(C)=C/CCC(C)C1CCC2C3C(O)CC4CC(O)CCC4(C)C3CC(O)C12C,['[*]C(C)CC/C=C(\\C)C(=O)OC'],['[*]O'],54.047
BILELIB19,CC(CC(=O)O)C1CCC2C3C(O)CC4CC(O)CCC4(C)C3CC(O)C12C,['[*]C(C)CC(=O)O'],['[*]O'],-14.0156
BILELIB19,CC(CCC(=O)O)C1CCC2C3C(O)CC4CC(OS(=O)(=O)O)CCC4(C)C3CCC12C,['[*]C(C)CCC(=O)O'],"['[*]OS(=O)(=O)O', '[*]O']",95.9518
BILELIB19,CC(/C=C/C(=O)O)C1CCC2C3C(O)C(O)C4CC(O)CCC4(C)C3CCC12C,['[*]C(C)/C=C/C(=O)O'],['[*]O'],-2.0156
BILELIB19,CC(CC(C)(C)C(=O)NCC(=O)O)C1CCC2C3C(O)CC4CC(O)CCC4(C)C3CCC12C,['[*]C(C)CC(C)(C)C(=O)NCC(=O)O'],['[*]O'],85.0528
BILELIB19,CC(CCC(=O)NC(Cc1ccc(O)cc1)C(=O)O)C1CCC2C3C(O)CC4CC(O)CCC4(C)C3CC(O)C12C,['[*]C(C)CCC(=O)NC(Cc1ccc(O)cc1)C(=O)O'],['[*]O'],163.0634
BILELIB19,CC(CCC(=O)N(C)CC(O)C(O)C(O)C(O)CO)C1CCC2C3C(O)CC4CC(O)CCC4(C)C3CC(O)C12C,['[*]C(C)CCC(=O)N(C)CC(O)C(O)C(O)C(O)CO'],['[*]O'],177.1002
BILELIB19,CC(CCC(=O)NC(Cc1ccccc1)C(=O)O)C1CCC2C3C(O)CC4CC(O)CCC4(C)C3CCC12C,['[*]C(C)CCC(=O)NC(Cc1ccccc1)C(=O)O'],['[*]O'],147.0685
BILELIB19,CC(CCC(=O)NCCC(=O)O)C1CCC2C3CCC4CC(O)CCC4(C)C3CC(O)C12C,['[*]C(C)CCC(=O)NCCC(=O)O'],['[*]O'],71.0372
BILELIB19,CC(CCC(=O)NC(CS(=O)(=O)O)C(=O)O)C1CCC2C3C(O)CC4CC(O)CCC4(C)C3CC(O)C12C,['[*]C(C)CCC(=O)NC(CS(=O)(=O)O)C(=O)O'],['[*]O'],150.994
BILELIB19,CC(CCC(=O)NC(CC(=O)O)C(=O)O)C1CCC2C3C(O)CC4CC(O)CCC4(C)C3CC(O)C12C,['[*]C(C)CCC(=O)NC(CC(=O)O)C(=O)O'],['[*]O'],115.027
BILELIB19,CC(CCC(=O)O)C1CC(O)C2C3C(O)CC4CC(O)CCC4(C)C3CCC12C,['[*]C(C)CCC(=O)O'],['[*]O'],0
BILELIB19,CC(CCC(=O)O)C1CCC2C3C(O)CC4CC(O)CC(O)C4(C)C3CC(O)C12C,['[*]C(C)CCC(=O)O'],['[*]O'],0
BILELIB19,CC(=O)NC1C(OC2C=C3CC(OS(=O)(=O)O)CCC3(C)C3CCC4(C)C(C(C)CCC(=O)NCCS(=O)(=O)O)CCC4C23)OC(CO)C(O)C1O,['[*]C(C)CCC(=O)NCCS(=O)(=O)O'],"['[*]OS(=O)(=O)O', '[*]OC1OC(CO)C(O)C(O)C1NC(C)=O']",420.0145
BILELIB19,CC(CCC(=O)NCCS(=O)(=O)O)C1CCC2C3C(O)CC4CC(OS(=O)(=O)O)CCC4(C)C3CCC12C,['[*]C(C)CCC(=O)NCCS(=O)(=O)O'],"['[*]OS(=O)(=O)O', '[*]O']",202.9559
BILELIB19,CC(CCC(=O)O)C1CCC2C3C(O)CC4CC(O)C(O)CC4(C)C3CCC12C,['[*]C(C)CCC(=O)O'],['[*]O'],0
BILELIB19,CC(CCC(=O)NCCS(=O)(=O)O)C1CCC2C3C(OS(=O)(=O)O)CC4CC(OS(=O)(=O)O)CCC4(C)C3CCC12C,['[*]C(C)CCC(=O)NCCS(=O)(=O)O'],['[*]OS(=O)(=O)O'],298.9076
BILELIB19,COC(=O)CCC(C)C1CC(O)C2C3C(O)CC4CC(O)CCC4(C)C3CCC12C,['[*]C(C)CCC(=O)OC'],['[*]O'],14.0157
BILELIB19,CC(CCC(=O)O)C1CCC2C3C(O)CC4CC(=O)CCC4(C)C3CCC12C,['[*]C(C)CCC(=O)O'],"['[*]=O', '[*]O']",-2.0156
BILELIB19,COC(=O)C(O)CC(C)C1CCC2C3CCC4CC(O)CCC4(C)C3CC(O)C12C,['[*]C(C)CC(O)C(=O)OC'],['[*]O'],30.0106
BILELIB19,COC(=O)CCC(C)C1CCC2C3C(OC(C)=O)C(OC(C)=O)C4CC(OC(C)=O)CCC4(C)C3CCC12C,['[*]C(C)CCC(=O)OC'],['[*]OC(C)=O'],188.0321
BILELIB19,COC(=O)C(CO)CCCC(C)C1CCC2C3C(O)CC4CC(O)CCC4(C)C3CC(O)C12C,['[*]C(C)CCCC(CO)C(=O)OC'],['[*]O'],72.0576
BILELIB19,CC(CCC(=O)NCCS(=O)(=O)O)C1CCC2(O)C3C(O)CC4CC(O)CCC4(C)C3CCC12C,['[*]C(C)CCC(=O)NCCS(=O)(=O)O'],['[*]O'],107.0041
BILELIB19,COC(=O)CCC(C)C1CCC2C3CCC4C=CCCC4(C)C3CC(O)C12C,['[*]C(C)CCC(=O)OC'],['[*]O'],12
BILELIB19,COC(=O)CCC(C)C1CCC2C3C(OC(C)=O)CC4CC(O)CCC4(C)C3CC(=O)C12C,['[*]C(C)CCC(=O)OC'],"['[*]=O', '[*]O', '[*]OC(C)=O']",70.0055
BILELIB19,CCOC(=O)CCC(C)C1CCC2C3CC(OC(C)=O)C4CC(OC(C)=O)CCC4(C)C3CCC12C,['[*]C(C)CCC(=O)OCC'],['[*]OC(C)=O'],144.0423
BILELIB19,CCOC(=O)CCC(C)C1CCC2C3C(OC(C)=O)C(OC(C)=O)C4CC(OC(C)=O)CCC4(C)C3CCC12C,['[*]C(C)CCC(=O)OCC'],['[*]OC(C)=O'],202.0478
BILELIB19,CC(CCC(=O)N(C)CC(O)C(O)C(O)C(O)CO)C1CCC2C3C(O)CC4CC(O)CCC4(C)C3CCC12C,['[*]C(C)CCC(=O)N(C)CC(O)C(O)C(O)C(O)CO'],['[*]O'],177.1001
BILELIB19,CC(CCC(=O)NC(CCS(=O)(=O)O)C(=O)O)C1CCC2C3C(O)CC4CC(O)CCC4(C)C3CCC12C,['[*]C(C)CCC(=O)NC(CCS(=O)(=O)O)C(=O)O'],['[*]O'],165.0096
BILELIB19,CC(C)C(NC(=O)CCC(C)C1CCC2C3C(O)CC4CC(O)CCC4(C)C3CC(O)C12C)C(=O)O,['[*]C(C)CCC(=O)NC(C(=O)O)C(C)C'],['[*]O'],99.0685
BILELIB19,CC(CC(=O)NCCS(=O)(=O)O)C1CCC2C3C(O)CC4CC(O)CCC4(C)C3CCC12C,['[*]C(C)CC(=O)NCCS(=O)(=O)O'],['[*]O'],92.9885
BILELIB19,CC(CCC(=O)NCCS(=O)(=O)O)C1CCC2C3C(=O)CC4CC(O)CCC4(C)C3CCC12C,['[*]C(C)CCC(=O)NCCS(=O)(=O)O'],"['[*]O', '[*]=O']",104.9885
BILELIB19,CC(CCC(=O)NCC(C)(C)S(=O)(=O)O)C1CCC2C3C(O)CC4CC(O)CCC4(C)C3CCC12C,['[*]C(C)CCC(=O)NCC(C)(C)S(=O)(=O)O'],['[*]O'],135.0354
BILELIB19,CC(CCC(=O)N(CCS(=O)(=O)O)Cc1ccccc1)C1CCC2C3C(O)CC4CC(O)CCC4(C)C3CCC12C,['[*]C(C)CCC(=O)N(CCS(=O)(=O)O)Cc1ccccc1'],['[*]O'],197.0511
BILELIB19,CC(CCC(=O)N(C)CCS(=O)(=O)O)C1CCC2C3CCC4CC(O)CCC4(C)C3CCC12C,['[*]C(C)CCC(=O)N(C)CCS(=O)(=O)O'],['[*]O'],121.0198
BILELIB19,CC(CCC(=O)NCCS(=O)(=O)O)C1CCC2C3C(=O)CC4CC(=O)CCC4(C)C3CC(=O)C12C,['[*]C(C)CCC(=O)NCCS(=O)(=O)O'],['[*]=O'],100.9572
BILELIB19,CC(CCC(=O)NCCS(=O)(=O)O)C1CCC2C3CCC4CCCCC4(C)C3CC(O)C12C,['[*]C(C)CCC(=O)NCCS(=O)(=O)O'],['[*]O'],107.0041
BILELIB19,CC(CC(=O)NCCS(=O)(=O)O)C1CCC2C3C(O)CC4CC(O)CCC4(C)C3CC(O)C12C,['[*]C(C)CC(=O)NCCS(=O)(=O)O'],['[*]O'],92.9885
BILELIB19,COC(=O)CCC(C)C1CCC2C3C(OC(C)=O)CC4CC(=O)C(OC(C)=O)CC4(C)C3CC(OC(C)=O)C12C,['[*]C(C)CCC(=O)OC'],"['[*]OC(C)=O', '[*]=O']",186.0165
BILELIB19,CC(CCC(=O)NCC(=O)NCC(=O)O)C1CCC2C3CCC4CC(O)CCC4(C)C3CC(O)C12C,['[*]C(C)CCC(=O)NCC(=O)NCC(=O)O'],['[*]O'],114.043
BILELIB19,CC(/C=C/C(=O)O)C1CCC2C3C(O)CC4CC(O)CCC4(C)C3CCC12C,['[*]C(C)/C=C/C(=O)O'],['[*]O'],-2.0156
BILELIB19,CC(CCC(=O)O)C1CCC2C3CCC4=CC(=O)CCC4(C)C3CCC12C,['[*]C(C)CCC(=O)O'],['[*]=O'],-4.0313
BILELIB19,CC(CCC(=O)O)C1C(O)CC2C3C(O)CC4CC(O)CCC4(C)C3CCC21C,['[*]C(C)CCC(=O)O'],['[*]O'],0
BILELIB19,CC(CC(O)C(=O)NCCS(=O)(=O)O)C1CCC2C3CCC4CC(O)CCC4(C)C3CCC12C,['[*]C(C)CC(O)C(=O)NCCS(=O)(=O)O'],['[*]O'],122.999
BILELIB19,CC(CCC(=O)O)C1CCC2C3C=CC4=CC(=O)CCC4(C)C3CCC12C,['[*]C(C)CCC(=O)O'],['[*]=O'],-6.0469
BILELIB19,CC(CCC(=O)NCCS(=O)(=O)O)C1CCC2C3C(O)CC4CC(=O)CCC4(C)C3CC(O)C12C,['[*]C(C)CCC(=O)NCCS(=O)(=O)O'],"['[*]O', '[*]=O']",104.9885
BILELIB19,CC(CCCC(CO)C(=O)O)C1CCC2C3C(O)CC4CC(O)CCC4(C)C3CC(O)C12C,['[*]C(C)CCCC(CO)C(=O)O'],['[*]O'],58.0419
BILELIB19,CC(CCC(=O)O)C1CCC2C3CCC4CC(OS(=O)(=O)O)CCC4(C)C3CC(O)C12C,['[*]C(C)CCC(=O)O'],"['[*]O', '[*]OS(=O)(=O)O']",95.9518
BILELIB19,CC(CCC(=O)NC(CCCNC(=N)N)C(=O)O)C1CCC2C3C(O)CC4CC(O)CCC4(C)C3CC(O)C12C,['[*]C(C)CCC(=O)NC(CCCNC(=N)N)C(=O)O'],['[*]O'],156.1012
BILELIB19,CSCCC(NC(=O)CCC(C)C1CCC2C3C(O)CC4CC(O)CCC4(C)C3CC(O)C12C)C(=O)O,['[*]C(C)CCC(=O)NC(CCSC)C(=O)O'],['[*]O'],131.0405
BILELIB19,CC(CCC(=O)NC(CCCNC(=N)N)C(=O)O)C1CCC2C3C(O)CC4CC(O)CCC4(C)C3CCC12C,['[*]C(C)CCC(=O)NC(CCCNC(=N)N)C(=O)O'],['[*]O'],156.1012
BILELIB19,CC(NC(=O)CCC(C)C1CCC2C3C(O)CC4CC(O)CCC4(C)C3CC(O)C12C)C(=O)O,['[*]C(C)CCC(=O)NC(C)C(=O)O'],['[*]O'],71.0372
BILELIB19,CC(CCC(=O)NC(CO)C(=O)O)C1CCC2C3C(O)CC4CC(O)CCC4(C)C3CCC12C,['[*]C(C)CCC(=O)NC(CO)C(=O)O'],['[*]O'],87.0321
BILELIB19,CC(CCC(=O)NC(Cc1c[nH]cn1)C(=O)O)C1CCC2C3C(O)CC4CC(O)CCC4(C)C3CC(O)C12C,['[*]C(C)CCC(=O)NC(Cc1c[nH]cn1)C(=O)O'],['[*]O'],137.059
BILELIB19,CC(CCC(=O)NC(CS)C(=O)O)C1CCC2C3C(O)CC4CC(O)CCC4(C)C3CC(O)C12C,['[*]C(C)CCC(=O)NC(CS)C(=O)O'],['[*]O'],103.0092
BILELIB19,CC(CCC(=O)NC(CCC(=O)O)C(=O)O)C1CCC2C3C(O)CC4CC(O)CCC4(C)C3CCC12C,['[*]C(C)CCC(=O)NC(CCC(=O)O)C(=O)O'],['[*]O'],129.0426
BILELIB19,CC(CCC(=O)NC(CC(=O)O)C(=O)O)C1CCC2C3C(O)CC4CC(O)CCC4(C)C3CCC12C,['[*]C(C)CCC(=O)NC(CC(=O)O)C(=O)O'],['[*]O'],115.027
BILELIB19,CC(CCC(=O)NC(CC(N)=O)C(=O)O)C1CCC2C3C(O)CC4CC(O)CCC4(C)C3CCC12C,['[*]C(C)CCC(=O)NC(CC(N)=O)C(=O)O'],['[*]O'],114.043
BILELIB19,CC(C)CC(NC(=O)CCC(C)C1CCC2C3C(O)CC4CC(O)CCC4(C)C3CCC12C)C(=O)O,['[*]C(C)CCC(=O)NC(CC(C)C)C(=O)O'],['[*]O'],113.0841
BILELIB19,CC(CCC(=O)NC(CCC(N)=O)C(=O)O)C1CCC2C3C(O)CC4CC(O)CCC4(C)C3CCC12C,['[*]C(C)CCC(=O)NC(CCC(N)=O)C(=O)O'],['[*]O'],128.0586
BILELIB19,CC(CCC(=O)NC(CC(N)=O)C(=O)O)C1CCC2C3C(O)CC4CC(O)CCC4(C)C3CC(O)C12C,['[*]C(C)CCC(=O)NC(CC(N)=O)C(=O)O'],['[*]O'],114.043
BILELIB19,CC(O)C(NC(=O)CCC(C)C1CCC2C3C(O)CC4CC(O)CCC4(C)C3CCC12C)C(=O)O,['[*]C(C)CCC(=O)NC(C(=O)O)C(C)O'],['[*]O'],101.0477
BILELIB19,CC(CCC(=O)NC(Cc1c[nH]cn1)C(=O)O)C1CCC2C3C(O)CC4CC(O)CCC4(C)C3CCC12C,['[*]C(C)CCC(=O)NC(Cc1c[nH]cn1)C(=O)O'],['[*]O'],137.059
BILELIB19,CC(C)C(NC(=O)CCC(C)C1CCC2C3C(O)CC4CC(O)CCC4(C)C3CCC12C)C(=O)O,['[*]C(C)CCC(=O)NC(C(=O)O)C(C)C'],['[*]O'],99.0685
BILELIB19,CC(CCC(=O)NC(CCC(N)=O)C(=O)O)C1CCC2C3C(O)CC4CC(O)CCC4(C)C3CC(O)C12C,['[*]C(C)CCC(=O)NC(CCC(N)=O)C(=O)O'],['[*]O'],128.0586
BILELIB19,CC(CCC(=O)NC(Cc1c[nH]c2ccccc12)C(=O)O)C1CCC2C3C(O)CC4CC(O)CCC4(C)C3CC(O)C12C,['[*]C(C)CCC(=O)NC(Cc1c[nH]c2ccccc12)C(=O)O'],['[*]O'],186.0794
BILELIB19,CC(NC(=O)CCC(C)C1CCC2C3C(O)CC4CC(O)CCC4(C)C3CCC12C)C(=O)O,['[*]C(C)CCC(=O)NC(C)C(=O)O'],['[*]O'],71.0372
BILELIB19,CSCCC(NC(=O)CCC(C)C1CCC2C3C(O)CC4CC(O)CCC4(C)C3CCC12C)C(=O)O,['[*]C(C)CCC(=O)NC(CCSC)C(=O)O'],['[*]O'],131.0405
BILELIB19,CC(CCC(=O)NC(CCCNC(N)=O)C(=O)O)C1CCC2C3C(O)CC4CC(O)CCC4(C)C3CC(O)C12C,['[*]C(C)CCC(=O)NC(CCCNC(N)=O)C(=O)O'],['[*]O'],157.0852
BILELIB19,CC(CCC(=O)NC(CCC(=O)O)C(=O)O)C1CCC2C3C(O)CC4CC(O)CCC4(C)C3CC(O)C12C,['[*]C(C)CCC(=O)NC(CCC(=O)O)C(=O)O'],['[*]O'],129.0426
BILELIB19,CCC(C)C(NC(=O)CCC(C)C1CCC2C3C(O)CC4CC(O)CCC4(C)C3CC(O)C12C)C(=O)O,['[*]C(C)CCC(=O)NC(C(=O)O)C(C)CC'],['[*]O'],113.0841
BILELIB19,CC(CCC(=O)NC(Cc1ccc(O)c(O)c1)C(=O)O)C1CCC2C3C(O)CC4CC(O)CCC4(C)C3CC(O)C12C,['[*]C(C)CCC(=O)NC(Cc1ccc(O)c(O)c1)C(=O)O'],['[*]O'],179.0583
BILELIB19,CC(CCC(=O)NC(CCCN)C(=O)O)C1CCC2C3C(O)CC4CC(O)CCC4(C)C3CC(O)C12C,['[*]C(C)CCC(=O)NC(CCCN)C(=O)O'],['[*]O'],114.0794
BILELIB19,CC(CCC(=O)NC(Cc1ccccc1)C(=O)O)C1CCC2C3C(O)CC4CC(O)CCC4(C)C3CC(O)C12C,['[*]C(C)CCC(=O)NC(Cc1ccccc1)C(=O)O'],['[*]O'],147.0685
BILELIB19,CC(CCC(=O)N1CCCC1C(=O)O)C1CCC2C3C(O)CC4CC(O)CCC4(C)C3CC(O)C12C,['[*]C(C)CCC(=O)N1CCCC1C(=O)O'],['[*]O'],97.0528
BILELIB19,CC(CCC(=O)NC(CO)C(=O)O)C1CCC2C3C(O)CC4CC(O)CCC4(C)C3CC(O)C12C,['[*]C(C)CCC(=O)NC(CO)C(=O)O'],['[*]O'],87.0321
BILELIB19,CC(O)C(NC(=O)CCC(C)C1CCC2C3C(O)CC4CC(O)CCC4(C)C3CC(O)C12C)C(=O)O,['[*]C(C)CCC(=O)NC(C(=O)O)C(C)O'],['[*]O'],101.0477
BILELIB19,CC(CCC(=O)NC(CCCNC(N)=O)C(=O)O)C1CCC2C3C(O)CC4CC(O)CCC4(C)C3CCC12C,['[*]C(C)CCC(=O)NC(CCCNC(N)=O)C(=O)O'],['[*]O'],157.0852
BILELIB19,CCC(C)C(NC(=O)CCC(C)C1CCC2C3C(O)CC4CC(O)CCC4(C)C3CCC12C)C(=O)O,['[*]C(C)CCC(=O)NC(C(=O)O)C(C)CC'],['[*]O'],113.0841
BILELIB19,CC(CCC(=O)NC(Cc1ccc(O)c(O)c1)C(=O)O)C1CCC2C3C(O)CC4CC(O)CCC4(C)C3CCC12C,['[*]C(C)CCC(=O)NC(Cc1ccc(O)c(O)c1)C(=O)O'],['[*]O'],179.0583
BILELIB19,CC(CCC(=O)NC(CCCCN)C(=O)O)C1CCC2C3C(O)CC4CC(O)CCC4(C)C3CCC12C,['[*]C(C)CCC(=O)NC(CCCCN)C(=O)O'],['[*]O'],128.095
BILELIB19,CC(CCC(=O)NC(CCCN)C(=O)O)C1CCC2C3C(O)CC4CC(O)CCC4(C)C3CCC12C,['[*]C(C)CCC(=O)NC(CCCN)C(=O)O'],['[*]O'],114.0794
BILELIB19,CC(CCC(=O)N1CCCC1C(=O)O)C1CCC2C3C(O)CC4CC(O)CCC4(C)C3CCC12C,['[*]C(C)CCC(=O)N1CCCC1C(=O)O'],['[*]O'],97.0528
BILELIB19,CC(CCC(=O)NC(Cc1c[nH]c2ccccc12)C(=O)O)C1CCC2C3C(O)CC4CC(O)CCC4(C)C3CCC12C,['[*]C(C)CCC(=O)NC(Cc1c[nH]c2ccccc12)C(=O)O'],['[*]O'],186.0794
BILELIB19,CC(CCC(=O)NC(Cc1ccc(O)cc1)C(=O)O)C1CCC2C3C(O)CC4CC(O)CCC4(C)C3CCC12C,['[*]C(C)CCC(=O)NC(Cc1ccc(O)cc1)C(=O)O'],['[*]O'],163.0634
BILELIB19,CC(NC(=O)CCC(C)C1CCC2C3CCC4CC(O)CCC4(C)C3CC(O)C12C)C(=O)O,['[*]C(C)CCC(=O)NC(C)C(=O)O'],['[*]O'],71.0372
BILELIB19,CC(CCC(=O)NC(CCCNC(=N)N)C(=O)O)C1CCC2C3CCC4CC(O)CCC4(C)C3CC(O)C12C,['[*]C(C)CCC(=O)NC(CCCNC(=N)N)C(=O)O'],['[*]O'],156.1012
BILELIB19,CC(CCC(=O)NC(CC(N)=O)C(=O)O)C1CCC2C3CCC4CC(O)CCC4(C)C3CC(O)C12C,['[*]C(C)CCC(=O)NC(CC(N)=O)C(=O)O'],['[*]O'],114.043
BILELIB19,CC(CCC(=O)NC(CC(=O)O)C(=O)O)C1CCC2C3CCC4CC(O)CCC4(C)C3CC(O)C12C,['[*]C(C)CCC(=O)NC(CC(=O)O)C(=O)O'],['[*]O'],115.027
BILELIB19,CC(CCC(=O)NC(CCCNC(N)=O)C(=O)O)C1CCC2C3CCC4CC(O)CCC4(C)C3CC(O)C12C,['[*]C(C)CCC(=O)NC(CCCNC(N)=O)C(=O)O'],['[*]O'],157.0852
BILELIB19,CC(CCC(=O)NC(CS)C(=O)O)C1CCC2C3CCC4CC(O)CCC4(C)C3CC(O)C12C,['[*]C(C)CCC(=O)NC(CS)C(=O)O'],['[*]O'],103.0092
BILELIB19,CC(CCC(=O)NC(CCC(N)=O)C(=O)O)C1CCC2C3CCC4CC(O)CCC4(C)C3CC(O)C12C,['[*]C(C)CCC(=O)NC(CCC(N)=O)C(=O)O'],['[*]O'],128.0586
BILELIB19,CC(CCC(=O)NC(CCC(=O)O)C(=O)O)C1CCC2C3CCC4CC(O)CCC4(C)C3CC(O)C12C,['[*]C(C)CCC(=O)NC(CCC(=O)O)C(=O)O'],['[*]O'],129.0426
BILELIB19,CC(CCC(=O)NC(Cc1cnc[nH]1)C(=O)O)C1CCC2C3CCC4CC(O)CCC4(C)C3CC(O)C12C,['[*]C(C)CCC(=O)NC(Cc1cnc[nH]1)C(=O)O'],['[*]O'],137.059
BILELIB19,CCC(C)C(NC(=O)CCC(C)C1CCC2C3CCC4CC(O)CCC4(C)C3CC(O)C12C)C(=O)O,['[*]C(C)CCC(=O)NC(C(=O)O)C(C)CC'],['[*]O'],113.0841
BILELIB19,CC(CCC(=O)NC(Cc1ccc(O)c(O)c1)C(=O)O)C1CCC2C3CCC4CC(O)CCC4(C)C3CC(O)C12C,['[*]C(C)CCC(=O)NC(Cc1ccc(O)c(O)c1)C(=O)O'],['[*]O'],179.0583
BILELIB19,CC(CCC(=O)NC(CCCCN)C(=O)O)C1CCC2C3CCC4CC(O)CCC4(C)C3CC(O)C12C,['[*]C(C)CCC(=O)NC(CCCCN)C(=O)O'],['[*]O'],128.095
BILELIB19,CSCCC(NC(=O)CCC(C)C1CCC2C3CCC4CC(O)CCC4(C)C3CC(O)C12C)C(=O)O,['[*]C(C)CCC(=O)NC(CCSC)C(=O)O'],['[*]O'],131.0405
BILELIB19,CC(CCC(=O)NC(CCCN)C(=O)O)C1CCC2C3CCC4CC(O)CCC4(C)C3CC(O)C12C,['[*]C(C)CCC(=O)NC(CCCN)C(=O)O'],['[*]O'],114.0794
BILELIB19,CC(CCC(=O)NC(Cc1ccccc1)C(=O)O)C1CCC2C3CCC4CC(O)CCC4(C)C3CC(O)C12C,['[*]C(C)CCC(=O)NC(Cc1ccccc1)C(=O)O'],['[*]O'],147.0685
BILELIB19,CC(CCC(=O)N1CCCC1C(=O)O)C1CCC2C3CCC4CC(O)CCC4(C)C3CC(O)C12C,['[*]C(C)CCC(=O)N1CCCC1C(=O)O'],['[*]O'],97.0528
BILELIB19,CC(CCC(=O)NC(CO)C(=O)O)C1CCC2C3CCC4CC(O)CCC4(C)C3CC(O)C12C,['[*]C(C)CCC(=O)NC(CO)C(=O)O'],['[*]O'],87.0321
BILELIB19,CC(O)C(NC(=O)CCC(C)C1CCC2C3CCC4CC(O)CCC4(C)C3CC(O)C12C)C(=O)O,['[*]C(C)CCC(=O)NC(C(=O)O)C(C)O'],['[*]O'],101.0477
BILELIB19,CC(CCC(=O)NC(Cc1c[nH]c2ccccc12)C(=O)O)C1CCC2C3CCC4CC(O)CCC4(C)C3CC(O)C12C,['[*]C(C)CCC(=O)NC(Cc1c[nH]c2ccccc12)C(=O)O'],['[*]O'],186.0794
BILELIB19,CC(CCC(=O)NC(Cc1ccc(O)cc1)C(=O)O)C1CCC2C3CCC4CC(O)CCC4(C)C3CC(O)C12C,['[*]C(C)CCC(=O)NC(Cc1ccc(O)cc1)C(=O)O'],['[*]O'],163.0634
BILELIB19,CC(C)C(NC(=O)CCC(C)C1CCC2C3CCC4CC(O)CCC4(C)C3CC(O)C12C)C(=O)O,['[*]C(C)CCC(=O)NC(C(=O)O)C(C)C'],['[*]O'],99.0685
BILELIB19,CC(NC(=O)CCC(C)C1CCC2C3CC(O)C4CC(O)CCC4(C)C3CCC12C)C(=O)O,['[*]C(C)CCC(=O)NC(C)C(=O)O'],['[*]O'],71.0372
BILELIB19,CC(CCC(=O)NC(CCCNC(=N)N)C(=O)O)C1CCC2C3CC(O)C4CC(O)CCC4(C)C3CCC12C,['[*]C(C)CCC(=O)NC(CCCNC(=N)N)C(=O)O'],['[*]O'],156.1012
BILELIB19,CC(CCC(=O)NC(CC(N)=O)C(=O)O)C1CCC2C3CC(O)C4CC(O)CCC4(C)C3CCC12C,['[*]C(C)CCC(=O)NC(CC(N)=O)C(=O)O'],['[*]O'],114.043
BILELIB19,CC(CCC(=O)NC(CC(=O)O)C(=O)O)C1CCC2C3CC(O)C4CC(O)CCC4(C)C3CCC12C,['[*]C(C)CCC(=O)NC(CC(=O)O)C(=O)O'],['[*]O'],115.027
BILELIB19,CC(CCC(=O)NC(CCCNC(N)=O)C(=O)O)C1CCC2C3CC(O)C4CC(O)CCC4(C)C3CCC12C,['[*]C(C)CCC(=O)NC(CCCNC(N)=O)C(=O)O'],['[*]O'],157.0852
BILELIB19,CC(CCC(=O)NC(CCC(N)=O)C(=O)O)C1CCC2C3CC(O)C4CC(O)CCC4(C)C3CCC12C,['[*]C(C)CCC(=O)NC(CCC(N)=O)C(=O)O'],['[*]O'],128.0586
BILELIB19,CC(CCC(=O)NC(CCC(=O)O)C(=O)O)C1CCC2C3CC(O)C4CC(O)CCC4(C)C3CCC12C,['[*]C(C)CCC(=O)NC(CCC(=O)O)C(=O)O'],['[*]O'],129.0426
BILELIB19,CC(CCC(=O)NC(Cc1c[nH]cn1)C(=O)O)C1CCC2C3CC(O)C4CC(O)CCC4(C)C3CCC12C,['[*]C(C)CCC(=O)NC(Cc1c[nH]cn1)C(=O)O'],['[*]O'],137.059
BILELIB19,CCC(C)C(NC(=O)CCC(C)C1CCC2C3CC(O)C4CC(O)CCC4(C)C3CCC12C)C(=O)O,['[*]C(C)CCC(=O)NC(C(=O)O)C(C)CC'],['[*]O'],113.0841
BILELIB19,CC(CCC(=O)NC(Cc1ccc(O)c(O)c1)C(=O)O)C1CCC2C3CC(O)C4CC(O)CCC4(C)C3CCC12C,['[*]C(C)CCC(=O)NC(Cc1ccc(O)c(O)c1)C(=O)O'],['[*]O'],179.0583
BILELIB19,CC(CCC(=O)NC(CCCCN)C(=O)O)C1CCC2C3CC(O)C4CC(O)CCC4(C)C3CCC12C,['[*]C(C)CCC(=O)NC(CCCCN)C(=O)O'],['[*]O'],128.095
BILELIB19,CSCCC(NC(=O)CCC(C)C1CCC2C3CC(O)C4CC(O)CCC4(C)C3CCC12C)C(=O)O,['[*]C(C)CCC(=O)NC(CCSC)C(=O)O'],['[*]O'],131.0405
BILELIB19,CC(CCC(=O)NC(CCCN)C(=O)O)C1CCC2C3CC(O)C4CC(O)CCC4(C)C3CCC12C,['[*]C(C)CCC(=O)NC(CCCN)C(=O)O'],['[*]O'],114.0794
BILELIB19,CC(CCC(=O)NC(Cc1ccccc1)C(=O)O)C1CCC2C3CC(O)C4CC(O)CCC4(C)C3CCC12C,['[*]C(C)CCC(=O)NC(Cc1ccccc1)C(=O)O'],['[*]O'],147.0685
BILELIB19,CC(CCC(=O)N1CCCC1C(=O)O)C1CCC2C3CC(O)C4CC(O)CCC4(C)C3CCC12C,['[*]C(C)CCC(=O)N1CCCC1C(=O)O'],['[*]O'],97.0528
BILELIB19,CC(CCC(=O)NC(CO)C(=O)O)C1CCC2C3CC(O)C4CC(O)CCC4(C)C3CCC12C,['[*]C(C)CCC(=O)NC(CO)C(=O)O'],['[*]O'],87.0321
BILELIB19,CC(O)C(NC(=O)CCC(C)C1CCC2C3CC(O)C4CC(O)CCC4(C)C3CCC12C)C(=O)O,['[*]C(C)CCC(=O)NC(C(=O)O)C(C)O'],['[*]O'],101.0477
BILELIB19,CC(CCC(=O)NC(Cc1c[nH]c2ccccc12)C(=O)O)C1CCC2C3CC(O)C4CC(O)CCC4(C)C3CCC12C,['[*]C(C)CCC(=O)NC(Cc1c[nH]c2ccccc12)C(=O)O'],['[*]O'],186.0794
BILELIB19,CC(CCC(=O)NC(Cc1ccc(O)cc1)C(=O)O)C1CCC2C3CC(O)C4CC(O)CCC4(C)C3CCC12C,['[*]C(C)CCC(=O)NC(Cc1ccc(O)cc1)C(=O)O'],['[*]O'],163.0634
BILELIB19,CC(C)C(NC(=O)CCC(C)C1CCC2C3CC(O)C4CC(O)CCC4(C)C3CCC12C)C(=O)O,['[*]C(C)CCC(=O)NC(C(=O)O)C(C)C'],['[*]O'],99.0685
BILELIB19,CC(NC(=O)CCC(C)C1CCC2C3C(O)C(O)C4CC(O)CCC4(C)C3CCC12C)C(=O)O,['[*]C(C)CCC(=O)NC(C)C(=O)O'],['[*]O'],71.0372
BILELIB19,CC(CCC(=O)NC(CCCNC(=N)N)C(=O)O)C1CCC2C3C(O)C(O)C4CC(O)CCC4(C)C3CCC12C,['[*]C(C)CCC(=O)NC(CCCNC(=N)N)C(=O)O'],['[*]O'],156.1012
BILELIB19,CC(CCC(=O)NC(CC(N)=O)C(=O)O)C1CCC2C3C(O)C(O)C4CC(O)CCC4(C)C3CCC12C,['[*]C(C)CCC(=O)NC(CC(N)=O)C(=O)O'],['[*]O'],114.043
BILELIB19,CC(CCC(=O)NC(CC(=O)O)C(=O)O)C1CCC2C3C(O)C(O)C4CC(O)CCC4(C)C3CCC12C,['[*]C(C)CCC(=O)NC(CC(=O)O)C(=O)O'],['[*]O'],115.027
BILELIB19,CC(CCC(=O)NC(CCCNC(N)=O)C(=O)O)C1CCC2C3C(O)C(O)C4CC(O)CCC4(C)C3CCC12C,['[*]C(C)CCC(=O)NC(CCCNC(N)=O)C(=O)O'],['[*]O'],157.0852
BILELIB19,CC(CCC(=O)NC(CCC(N)=O)C(=O)O)C1CCC2C3C(O)C(O)C4CC(O)CCC4(C)C3CCC12C,['[*]C(C)CCC(=O)NC(CCC(N)=O)C(=O)O'],['[*]O'],128.0586
BILELIB19,CC(CCC(=O)NC(CCC(=O)O)C(=O)O)C1CCC2C3C(O)C(O)C4CC(O)CCC4(C)C3CCC12C,['[*]C(C)CCC(=O)NC(CCC(=O)O)C(=O)O'],['[*]O'],129.0426
BILELIB19,CC(CCC(=O)NC(Cc1c[nH]cn1)C(=O)O)C1CCC2C3C(O)C(O)C4CC(O)CCC4(C)C3CCC12C,['[*]C(C)CCC(=O)NC(Cc1c[nH]cn1)C(=O)O'],['[*]O'],137.059
BILELIB19,CCC(C)C(NC(=O)CCC(C)C1CCC2C3C(O)C(O)C4CC(O)CCC4(C)C3CCC12C)C(=O)O,['[*]C(C)CCC(=O)NC(C(=O)O)C(C)CC'],['[*]O'],113.0841
BILELIB19,CC(CCC(=O)NC(Cc1ccc(O)c(O)c1)C(=O)O)C1CCC2C3C(O)C(O)C4CC(O)CCC4(C)C3CCC12C,['[*]C(C)CCC(=O)NC(Cc1ccc(O)c(O)c1)C(=O)O'],['[*]O'],179.0583
BILELIB19,CC(CCC(=O)NC(CCCCN)C(=O)O)C1CCC2C3C(O)C(O)C4CC(O)CCC4(C)C3CCC12C,['[*]C(C)CCC(=O)NC(CCCCN)C(=O)O'],['[*]O'],128.095
BILELIB19,CSCCC(NC(=O)CCC(C)C1CCC2C3C(O)C(O)C4CC(O)CCC4(C)C3CCC12C)C(=O)O,['[*]C(C)CCC(=O)NC(CCSC)C(=O)O'],['[*]O'],131.0405
BILELIB19,CC(CCC(=O)NC(CCCN)C(=O)O)C1CCC2C3C(O)C(O)C4CC(O)CCC4(C)C3CCC12C,['[*]C(C)CCC(=O)NC(CCCN)C(=O)O'],['[*]O'],114.0794
BILELIB19,CC(CCC(=O)NC(Cc1ccccc1)C(=O)O)C1CCC2C3C(O)C(O)C4CC(O)CCC4(C)C3CCC12C,['[*]C(C)CCC(=O)NC(Cc1ccccc1)C(=O)O'],['[*]O'],147.0685
BILELIB19,CC(CCC(=O)N1CCCC1C(=O)O)C1CCC2C3C(O)C(O)C4CC(O)CCC4(C)C3CCC12C,['[*]C(C)CCC(=O)N1CCCC1C(=O)O'],['[*]O'],97.0528
BILELIB19,CC(CCC(=O)NC(CO)C(=O)O)C1CCC2C3C(O)C(O)C4CC(O)CCC4(C)C3CCC12C,['[*]C(C)CCC(=O)NC(CO)C(=O)O'],['[*]O'],87.0321
BILELIB19,CC(O)C(NC(=O)CCC(C)C1CCC2C3C(O)C(O)C4CC(O)CCC4(C)C3CCC12C)C(=O)O,['[*]C(C)CCC(=O)NC(C(=O)O)C(C)O'],['[*]O'],101.0477
BILELIB19,CC(CCC(=O)NC(Cc1c[nH]c2ccccc12)C(=O)O)C1CCC2C3C(O)C(O)C4CC(O)CCC4(C)C3CCC12C,['[*]C(C)CCC(=O)NC(Cc1c[nH]c2ccccc12)C(=O)O'],['[*]O'],186.0794
BILELIB19,CC(CCC(=O)NC(Cc1ccc(O)cc1)C(=O)O)C1CCC2C3C(O)C(O)C4CC(O)CCC4(C)C3CCC12C,['[*]C(C)CCC(=O)NC(Cc1ccc(O)cc1)C(=O)O'],['[*]O'],163.0634
BILELIB19,CC(C)C(NC(=O)CCC(C)C1CCC2C3C(O)C(O)C4CC(O)CCC4(C)C3CCC12C)C(=O)O,['[*]C(C)CCC(=O)NC(C(=O)O)C(C)C'],['[*]O'],99.0685
BILELIB19,CC(CCC(=O)NC(CS)C(=O)O)C1CCC2C3CC(O)C4CC(O)CCC4(C)C3CCC12C,['[*]C(C)CCC(=O)NC(CS)C(=O)O'],['[*]O'],103.0092
BILELIB19,CC(CCC(=O)NC(CS)C(=O)O)C1CCC2C3C(O)C(O)C4CC(O)CCC4(C)C3CCC12C,['[*]C(C)CCC(=O)NC(CS)C(=O)O'],['[*]O'],103.0092
HMDB,CC(CCC(=O)NCCS(=O)(=O)O)C1CCC2C3C(O)CC4CC(O)CCC4(C)C3CC(O)C12C,['[*]C(C)CCC(=O)NCCS(=O)(=O)O'],['[*]O'],107.0041
HMDB,CC(CCC(O)=NCC(=O)O)C1CCC2C3C(O)CC4CC(O)CCC4(C)C3CC(O)C12C,['[*]C(C)CCC(O)=NCC(=O)O'],['[*]O'],57.0215
HMDB,CC(CCC(=O)O)C1CCC2C3CC=C4CC(O)CCC4(C)C3CCC12C,['[*]C(C)CCC(=O)O'],['[*]O'],-2.0156
HMDB,CC(CCC(=O)O)C1CCC2C3CCC4CC(O)CC(O)C4(C)C3CC(O)C12C,['[*]C(C)CCC(=O)O'],['[*]O'],0
HMDB,CC(CCCC(C)C1CCC2C3C(O)CC4CC(O)CCC4(C)C3CCC12C)C(=O)O,['[*]C(C)CCCC(C)C(=O)O'],['[*]O'],42.047
HMDB,CC(CCC(=O)O)C1CCC2C3CCC4CC(O)CCC4(C)C3CCC12C,['[*]C(C)CCC(=O)O'],['[*]O'],0
HMDB,CC(CCC(=O)O)C1CCC2C3C(=O)CC4CC(O)CCC4(C)C3CC(O)C12C,['[*]C(C)CCC(=O)O'],"['[*]O', '[*]=O']",-2.0156
HMDB,CC(CCC(=O)O)C1CCC2C3C(O)CC4CC(O)CCC4(C)C3CC(=O)C12C,['[*]C(C)CCC(=O)O'],"['[*]=O', '[*]O']",-2.0156
HMDB,CC(CCC(=O)O)C1CCC2C3C(=O)CC4CC(O)CCC4(C)C3CCC12C,['[*]C(C)CCC(=O)O'],"['[*]O', '[*]=O']",-2.0156
HMDB,CC(CCC(=O)O)C1CCC2C3C(O)CC4CC(=O)CCC4(C)C3CC(O)C12C,['[*]C(C)CCC(=O)O'],"['[*]O', '[*]=O']",-2.0156
HMDB,CC(CCCC(C)C1CCC2C3C(O)CC4CC(O)CCC4(C)C3CC(O)C12C)C(=O)O,['[*]C(C)CCCC(C)C(=O)O'],['[*]O'],42.047
HMDB,CC(CCC(=O)NCC(=O)O)C1CCC2C3CCC4CC(O)CCC4(C)C3CC(O)C12C,['[*]C(C)CCC(=O)NCC(=O)O'],['[*]O'],57.0215
HMDB,CC(CCC(=O)NCC(=O)O)C1CCC2C3C(O)CC4CC(O)CCC4(C)C3CCC12C,['[*]C(C)CCC(=O)NCC(=O)O'],['[*]O'],57.0215
HMDB,CC(CCC(=O)NCC(=O)O)C1CCC2C3CCC4CC(O)CCC4(C)C3CCC12C,['[*]C(C)CCC(=O)NCC(=O)O'],['[*]O'],57.0215
HMDB,CC(CCC(=O)NCCS(=O)(=O)O)C1CCC2C3CCC4CC(O)CCC4(C)C3CCC12C,['[*]C(C)CCC(=O)NCCS(=O)(=O)O'],['[*]O'],107.0041
HMDB,CC(CCC(=O)NCCS(=O)(=O)O)C1CCC2C3C(O)CC4CC(O)CCC4(C)C3CCC12C,['[*]C(C)CCC(=O)NCCS(=O)(=O)O'],['[*]O'],107.0041
HMDB,CC(CCC(=O)NCCS(=O)(=O)O)C1CCC2C3CCC4CC(O)CCC4(C)C3CC(O)C12C,['[*]C(C)CCC(=O)NCCS(=O)(=O)O'],['[*]O'],107.0041
HMDB,CC(CCC(=O)O)C1CCC2C3CCC4CC(OS(=O)(=O)O)CCC4(C)C3CCC12C,['[*]C(C)CCC(=O)O'],['[*]OS(=O)(=O)O'],95.9518
HMDB,CC1OC(OC2C(O)CC(OC3C(O)CC(OC4CCC5(C)C(CCC6C5CC(O)C5(C)C(C7=CC(=O)OC7)CCC65O)C4)OC3C)OC2C)CC(O)C1O,['[*]C1=CC(=O)OC1'],"['[*]O', '[*]OC1CC(O)C(OC2CC(O)C(OC3CC(O)C(O)C(C)O3)C(C)O2)C(C)O1']",388.137
HMDB,CC(CCC(O)C(O)C(=O)O)C1CCC2C3CCC4CC(O)CCC4(C)C3CCC12C,['[*]C(C)CCC(O)C(O)C(=O)O'],['[*]O'],60.0212
HMDB,CC(CCC(=O)NCC(=O)O)C1CCC2C3C(O)CC4CC(OS(=O)(=O)O)CCC4(C)C3CCC12C,['[*]C(C)CCC(=O)NCC(=O)O'],"['[*]OS(=O)(=O)O', '[*]O']",152.9732
HMDB,CC(CCC(=O)O)C1CCC2C3C(O)CC4CC(OC5OC(C(=O)O)C(O)C(O)C5O)CCC4(C)C3CCC12C,['[*]C(C)CCC(=O)O'],"['[*]OC1OC(C(=O)O)C(O)C(O)C1O', '[*]O']",192.027
HMDB,CC(CCC(=O)NCC(=O)O)C1CCC2C3C(O)CC4CC(OC5OC(C(=O)O)C(O)C(O)C5O)CCC4(C)C3CC(O)C12C,['[*]C(C)CCC(=O)NCC(=O)O'],"['[*]O', '[*]OC1OC(C(=O)O)C(O)C(O)C1O']",249.0485
HMDB,CC(CCC(=O)NCCS(=O)(=O)O)C1CCC2C3C(O)CC4CC(S(=O)(=O)O)CCC4(C)C3CC(O)C12C,['[*]C(C)CCC(=O)NCCS(=O)(=O)O'],"['[*]O', '[*]S(=O)(=O)O']",186.961
HMDB,CC(CCC(=O)NCC(=O)O)C1CCC2C3C(O)CC4CC(OC5OC(C(=O)O)C(O)C(O)C5O)CCC4(C)C3CCC12C,['[*]C(C)CCC(=O)NCC(=O)O'],"['[*]OC1OC(C(=O)O)C(O)C(O)C1O', '[*]O']",249.0485
HMDB,CC(CCC(=O)NCCS(=O)(=O)O)C1CCC2C3CCC4CC(OS(=O)(=O)O)CCC4(C)C3CCC12C,['[*]C(C)CCC(=O)NCCS(=O)(=O)O'],['[*]OS(=O)(=O)O'],202.9559
HMDB,CC(CCC(=O)NCCS(=O)(=O)O)C1CCC2C3C(O)CC4CC(OS(=O)(=O)O)CCC4(C)C3CC(O)C12C,['[*]C(C)CCC(=O)NCCS(=O)(=O)O'],"['[*]O', '[*]OS(=O)(=O)O']",202.9559
HMDB,CC(CCC(=O)O)C1CCC2C3C(O)CC4CC(OS(=O)(=O)O)CCC4(C)C3CCC12C,['[*]C(C)CCC(=O)O'],"['[*]OS(=O)(=O)O', '[*]O']",95.9518
HMDB,CC(CCC(=O)O)C1CCC2C3CCC4CC(OC5OC(C(=O)O)C(O)C(O)C5O)CCC4(C)C3CC(O)C12C,['[*]C(C)CCC(=O)O'],"['[*]O', '[*]OC1OC(C(=O)O)C(O)C(O)C1O']",192.027
HMDB,CC(CCC(=O)NCC(=O)O)C1CCC2C3CCC4CC(OS(=O)(=O)O)CCC4(C)C3CCC12C,['[*]C(C)CCC(=O)NCC(=O)O'],['[*]OS(=O)(=O)O'],152.9732
HMDB,CC12CCC(=O)C=C1C=CC1C2CCC2(C)C1CCC21CCC(=O)O1,['[*]CCC(=O)O[*]'],['[*]=O'],-36.0939
HMDB,CC12CCC(=O)C=C1CCC1C2CCC2(C)C(OC3OC(C(=O)O)C(O)C(O)C3O)CCC12,['[*]OC1OC(C(=O)O)C(O)C(O)C1O'],['[*]=O'],87.9433
HMDB,CC12CCC(=O)CC1CCC1C2CCC2(C)C(OC3OC(C(=O)O)C(O)C(O)C3O)CCC12,['[*]OC1OC(C(=O)O)C(O)C(O)C1O'],['[*]=O'],89.959
HMDB,CC(CCCC(C)C1CCC2C3CC=C4CC(O)CCC4(C)C3CCC12C)C(=O)O,['[*]C(C)CCCC(C)C(=O)O'],['[*]O'],40.0313
HMDB,CC(CCCC(C)C1CCC2C3C(O)C=C4CC(O)CCC4(C)C3CCC12C)C(=O)O,['[*]C(C)CCCC(C)C(=O)O'],['[*]O'],40.0313
HMDB,CC(CCC(=O)NCC(=O)O)C1CCC2C3C(O)C(O)C4CC(O)CCC4(C)C3CCC12C,['[*]C(C)CCC(=O)NCC(=O)O'],['[*]O'],57.0215
HMDB,CC(CCC(=O)NCC(=O)O)C1CCC2C3C(O)CC4CC(OS(=O)(=O)O)CCC4(C)C3CC(O)C12C,['[*]C(C)CCC(=O)NCC(=O)O'],"['[*]O', '[*]OS(=O)(=O)O']",152.9732
HMDB,CC(CCC(=O)NCCS(=O)(=O)O)C1CCC2C3CCC4CC(OC5OC(C(=O)O)C(O)C(O)C5O)CCC4(C)C3CC(O)C12C,['[*]C(C)CCC(=O)NCCS(=O)(=O)O'],"['[*]O', '[*]OC1OC(C(=O)O)C(O)C(O)C1O']",299.0311
HMDB,CC(CCC(=O)NC(CC(=O)O)C(=O)O)C1CCC2C3CCC4CC(O)CCC4(C)C3CC(O)C12C,['[*]C(C)CCC(=O)NC(CC(=O)O)C(=O)O'],['[*]O'],115.027
HMDB,CCOC(=O)OC1(C(=O)OCCl)CCC2C3CCC4=CC(=O)C=CC4(C)C3C(O)CC21C,"['[*]C(=O)OCCl', '[*]OC(=O)OCC']","['[*]O', '[*]=O']",73.8832
HMDB,COC1CC(OC2CCC3(C=O)C4CCC5(C)C(C6=CC(=O)OC6)CCC5(O)C4CCC3(O)C2)OC(C)C1OC1OC(CO)C(O)C(O)C1O,['[*]C1=CC(=O)OC1'],"['[*]=O', '[*]O', '[*]OC1CC(OC)C(OC2OC(CO)C(O)C(O)C2O)C(C)O1']",302.0638
HMDB,CC(CCC(=O)O)C1CCC2C3C(CC(O)C12C)C1(C)CCC(O)CC1CC3(C)O,['[*]C(C)CCC(=O)O'],"['[*]O', '[*]C']",14.0157
HMDB,CCOC(=O)OC1(C(=O)OCF)CCC2C3CCC4=CC(=O)C=CC4(C)C3C(O)CC21C,"['[*]C(=O)OCF', '[*]OC(=O)OCC']","['[*]O', '[*]=O']",57.9128
HMDB,CC(=O)OC1CC2(O)C3CCC4CC(OC5CC(O)C(OC6CC(O)C(OC7CC(O)C(O)C(C)O7)C(C)O6)C(C)O5)CCC4(C)C3CCC2(C)C1C1=CC(=O)OC1,['[*]C1=CC(=O)OC1'],"['[*]O', '[*]OC(C)=O', '[*]OC1CC(O)C(OC2CC(O)C(OC3CC(O)C(O)C(C)O3)C(C)O2)C(C)O1']",446.1425
HMDB,CC(CC(=O)O)C1CCC2C3C(O)CC4CC(O)CCC4(C)C3CCC12C,['[*]C(C)CC(=O)O'],['[*]O'],-14.0156
HMDB,CC12CCC(=O)C=C1CC(S)C1C2CCC2(C)C1CCC21CCC(=O)O1,['[*]CCC(=O)O[*]'],"['[*]=O', '[*]S']",-2.1061
HMDB,CSC1CC2=CC(=O)CCC2(C)C2CCC3(C)C(CCC34CCC(=O)O4)C12,['[*]CCC(=O)O[*]'],"['[*]=O', '[*]SC']",11.9095
HMDB,CC(CCC(=O)O)C1CCC2C3C(O)C=C4CC(O)CCC4(C)C3CCC12C,['[*]C(C)CCC(=O)O'],['[*]O'],-2.0156
HMDB,CSC1C(O)C2=CC(=O)CCC2(C)C2CCC3(C)C(CCC34CCC(=O)O4)C12,['[*]CCC(=O)O[*]'],"['[*]=O', '[*]O', '[*]SC']",11.9095
HMDB,CC(CCC(=O)O)C1CCC2C3CCC4CCCCC4(C)C3CCC12C,['[*]C(C)CCC(=O)O'],[],0
HMDB,CCC1C(O)C2C3CCC(C(C)CCC(=O)O)C3(C)CCC2C2(C)CCC(O)CC12,['[*]C(C)CCC(=O)O'],"['[*]O', '[*]CC']",28.0313
HMDB,CC(=O)OC1CCC2(C=O)C3CCC4(C)C(C5=CC(=O)OC5)CCC4(O)C3CCC2(O)C1,['[*]C1=CC(=O)OC1'],"['[*]=O', '[*]O', '[*]OC(C)=O']",37.9429
HMDB,CC(=O)OC1CC(OC2C(O)CC(OC3C(O)CC(OC4CCC5(C)C(CCC6C5CC(O)C5(C)C(C7=CC(=O)OC7)CCC65O)C4)OC3C)OC2C)OC(C)C1O,['[*]C1=CC(=O)OC1'],"['[*]O', '[*]OC1CC(O)C(OC2CC(O)C(OC3CC(OC(C)=O)C(O)C(C)O3)C(C)O2)C(C)O1']",430.1476
HMDB,CC12CCC(O)CC1CCC1C2CCC2(C)C(OC3OC(C(=O)O)C(O)C(O)C3O)CCC12,['[*]OC1OC(C(=O)O)C(O)C(O)C1O'],['[*]O'],91.9746
HMDB,C=C(CCC(C)C1CCC2C3=C(C(=O)CC21C)C1(C)CCC(=O)C(C)C1CC3=O)C(C)C(=O)O,['[*]C(C)CCC(=C)C(C)C(=O)O'],"['[*]=O', '[*]C']",60
HMDB,CC1OC(OC2CC(O)C3(CO)C4C(O)CC5(C)C(C6=CC(=O)OC6)CCC5(O)C4CCC3(O)C2)C(O)C(OC(=O)c2c3ccccc3cc3ccccc23)C1O,['[*]C1=CC(=O)OC1'],"['[*]O', '[*]OC1OC(C)C(O)C(OC(=O)c2c3ccccc3cc3ccccc23)C1O']",348.0634
HMDB,CCCCCCCCCCCCCCCCCCCC(=O)NC1CCC2(C)C(C1)CC(O)C1C2CC(O)C2(C)C(C(C)CCC(=O)O)CCC12,['[*]C(C)CCC(=O)O'],"['[*]O', '[*]NC(=O)CCCCCCCCCCCCCCCCCCC']",309.3032
HMDB,CC(=O)OC1C(O)CC(OC2C(O)CC(OC3C(O)CC(OC4CCC5(C)C(CCC6C5CC(O)C5(C)C(C7=CC(=O)OC7)CCC65O)C4)OC3C)OC2C)OC1C,['[*]C1=CC(=O)OC1'],"['[*]O', '[*]OC1CC(O)C(OC2CC(O)C(OC3CC(O)C(OC(C)=O)C(C)O3)C(C)O2)C(C)O1']",430.1476
HMDB,CC12CCCCC1CCC1C2CCC2(C)C(C3=CC(=O)OC3)CCC12,['[*]C1=CC(=O)OC1'],[],-18.0469
HMDB,CC(=O)OC1CC(OC2C(O)CC(OC3C(O)CC(OC4CCC5(C)C(CCC6C5CC(O)C5(C)C(C7=CC(=O)OC7)CCC65O)C4)OC3C)OC2C)OC(C)C1OC1OC(CO)C(O)C(O)C1O,['[*]C1=CC(=O)OC1'],"['[*]O', '[*]OC1CC(O)C(OC2CC(O)C(OC3CC(OC(C)=O)C(OC4OC(CO)C(O)C(O)C4O)C(C)O3)C(C)O2)C(C)O1']",592.2004
HMDB,CC(CCC(=O)NCCC[N+](C)(C)CCCS(=O)(=O)[O-])C1CCC2C3C(O)CC4CC(O)CCC4(C)C3CC(O)C12C,['[*]C(C)CCC(=O)NCCC[N+](C)(C)CCCS(=O)(=O)[O-]'],['[*]O'],206.1089
HMDB,CC(CCC(=O)NCCC[N+](C)(C)CC(O)CS(=O)(=O)[O-])C1CCC2C3C(O)CC4CC(O)CCC4(C)C3CC(O)C12C,['[*]C(C)CCC(=O)NCCC[N+](C)(C)CC(O)CS(=O)(=O)[O-]'],['[*]O'],222.1039
HMDB,C=C(CCC(C)C1CCC2C3=C(C(=O)CC21C)C1(C)CCC(O)C(C)(O)C1CC3O)C(C)C(=O)O,['[*]C(C)CCC(=C)C(C)C(=O)O'],"['[*]=O', '[*]O', '[*]C']",64.0313
HMDB,CC(CCC(=O)NCC(=O)NC(Cc1ccc(O)cc1)C(=O)O)C1CCC2C3C(O)CC4CC(O)CCC4(C)C3CC(O)C12C,['[*]C(C)CCC(=O)NCC(=O)NC(Cc1ccc(O)cc1)C(=O)O'],['[*]O'],220.0848
HMDB,CC(C)CCCC(C)C1CCC2C3CC=C4CC(O)CC(OC(=O)CCC(C)C5CCC6C7C(O)CC8CC(O)CCC8(C)C7CC(O)C56C)C4(C)C3CCC12C,['[*]C(C)CCC(=O)OC1CC(O)CC2=CCC3C4CCC(C(C)CCCC(C)C)C4(C)CCC3C21C'],['[*]O'],384.3393
HMDB,CC(CCC(=O)NC(CCCCNC(=S)Nc1ccc(-c2c3ccc(=O)cc-3oc3cc(O)ccc23)c(C(=O)O)c1)C(=O)O)C1CCC2C3C(O)CC4CC(O)CCC4(C)C3CC(O)C12C,['[*]C(C)CCC(=O)NC(CCCCNC(=S)Nc1ccc(-c2c3ccc(=O)cc-3oc3cc(O)ccc23)c(C(=O)O)c1)C(=O)O'],['[*]O'],517.1308
HMDB,CC12CCC(=O)C=C1CCC1C2C(O)CC2(C)C(C(=O)COC(=O)CCC(=O)O)CCC12,['[*]C(=O)COC(=O)CCC(=O)O'],"['[*]O', '[*]=O']",53.9378
HMDB,C=C(CCC(C(=O)O)C1CCC2(C)C3=CCC4C(C)(CCC(O)C4(C)C)C3=CCC12C)C(C)C,['[*]C(CCC(=C)C(C)C)C(=O)O'],"['[*]C', '[*]O']",92.0626
HMDB,C=C(CCC(C(=O)O)C1C(O)CC2(C)C3=CCC4C(C)(CCC(O)C4(C)C)C3=CCC12C)C(C)C,['[*]C(CCC(=C)C(C)C)C(=O)O'],"['[*]C', '[*]O']",92.0626
HMDB,CC12CCC(O)CC1CCC1C2CCC2(C)C(C3=CC(=O)OC3)CCC12O,['[*]C1=CC(=O)OC1'],['[*]O'],-18.0469
HMDB,CC1OC(OC2C(O)CC(OC3CCC4(C)C(CCC5C4CCC4(C)C(C6=CC(=O)OC6)CCC54O)C3)OC2C)CC(O)C1O,['[*]C1=CC(=O)OC1'],"['[*]O', '[*]OC1CC(O)C(OC2CC(O)C(O)C(C)O2)C(C)O1']",258.074
HMDB,CC12CCC(=O)CC1CCC1C2CCC2(C)C(OC3OC(C(=O)O)C(O)C(O)C3OC3OC(C(=O)O)C(O)C(O)C3O)CCC12,['[*]OC1OC(C(=O)O)C(O)C(O)C1OC1OC(C(=O)O)C(O)C(O)C1O'],['[*]=O'],265.991
HMDB,C=C(CCC(C(=O)O)C1CCC2(C)C3=C(CCC12C)C1(C)CCC(O)C(C)(C)C1CC3)C(C)C,['[*]C(CCC(=C)C(C)C)C(=O)O'],"['[*]C', '[*]O']",94.0783
HMDB,CC(C)(C)NC(=O)C1CCC2C3CC=C4C=C(C(=O)O)CCC4(C)C3CCC12C,['[*]C(=O)NC(C)(C)C'],['[*]C(=O)O'],38.9745
HMDB,CC1CC2C3CC(F)C4=CC(=O)C=CC4(C)C3C(O)CC2(C)C1C(=O)C(=O)O,['[*]C(=O)C(=O)O'],"['[*]C', '[*]O', '[*]=O', '[*]F']",-2.1084
HMDB,CCCCOC(=O)C(=O)C1C(C)CC2C3CC(F)C4=CC(=O)C=CC4(C)C3C(O)CC21C,['[*]C(=O)C(=O)OCCCC'],"['[*]C', '[*]O', '[*]=O', '[*]F']",53.9542
HMDB,COC1CC(OC2CCC3(C)C(CCC4C3CCC3(C)C(C5=CC(=O)OC5)C(OC(C)=O)CC43O)C2)OC(C)C1O,['[*]C1=CC(=O)OC1'],"['[*]O', '[*]OC(C)=O', '[*]OC1CC(OC)C(O)C(C)O1']",200.0321
HMDB,CC12CCC(O)CC1CCC1C2CCC2(C)C(C3=CC(=O)OC3)C(O)CC12O,['[*]C1=CC(=O)OC1'],['[*]O'],-18.0469
HMDB,CC1OC(OC2C(O)CC(OC3C(O)CC(OC4CCC5(C)C(CCC6C5CCC5(C)C(C7=CC(=O)OC7)C(O)CC65O)C4)OC3C)OC2C)CC(O)C1O,['[*]C1=CC(=O)OC1'],"['[*]O', '[*]OC1CC(O)C(OC2CC(O)C(OC3CC(O)C(O)C(C)O3)C(C)O2)C(C)O1']",388.137
HMDB,CC(CCCC(=O)O)C1CCC2C3C(O)CC4CC(O)CCC4(C)C3CC(O)C12C,['[*]C(C)CCCC(=O)O'],['[*]O'],14.0157
HMDB,CC(=O)OC1CC(OC2C(O)CC(OC3C(O)CC(OC4CCC5(C)C(CCC6C5CCC5(C)C(C7=CC(=O)OC7)CCC65O)C4)OC3C)OC2C)OC(C)C1OC1OC(CO)C(O)C(O)C1O,['[*]C1=CC(=O)OC1'],"['[*]O', '[*]OC1CC(O)C(OC2CC(O)C(OC3CC(OC(C)=O)C(OC4OC(CO)C(O)C(O)C4O)C(C)O3)C(C)O2)C(C)O1']",592.2004
HMDB,CC(=O)SC1CC2=CC(=O)C=CC2(C)C2CCC3(C)C(C4CC4C34CCC(=O)O4)C12,['[*]CCC(=O)O[*]'],"['[*]C[*]', '[*]=O', '[*]SC(C)=O']",49.8888
HMDB,COC1C(O)CC(OC2C(O)CC(OC3C(O)CC(OC4CCC5(C)C(CCC6C5CC(O)C5(C)C(C7=CC(=O)OC7)CCC65O)C4)OC3C)OC2C)OC1C,['[*]C1=CC(=O)OC1'],"['[*]O', '[*]OC1CC(O)C(OC2CC(O)C(OC3CC(O)C(OC)C(C)O3)C(C)O2)C(C)O1']",402.1526
HMDB,CC(CCC(=O)O)C1CCC2C3C(O)CC4CC(O)CC(=O)C4(C)C3CC(O)C12C,['[*]C(C)CCC(=O)O'],"['[*]O', '[*]=O']",-2.0156
HMDB,CC(CC(=O)O)C1CCC2C3C(O)CC4CC(O)CCC4(C)C3CC(O)C12C,['[*]C(C)CC(=O)O'],['[*]O'],-14.0156
HMDB,COC(=O)C=C1CCC2C3CC=C4C=C(N5CCCC5)CCC4(C)C3C(=O)CC12C,['[*]=CC(=O)OC'],"['[*]=O', '[*]N1CCCC1']",32.964
HMDB,CC(=O)OC1CC2(O)C3CCC4CC(O)CCC4(C)C3CCC2(C)C1C1=CC(=O)OC1,['[*]C1=CC(=O)OC1'],"['[*]O', '[*]OC(C)=O']",39.9586
HMDB,C=C(CCC(C(=O)O)C1C(O)CC2(C)C3=C(CCC12C)C1(C)CCC(OC(C)=O)C(C)(C)C1CC3)C(C)C,['[*]C(CCC(=C)C(C)C)C(=O)O'],"['[*]C', '[*]O', '[*]OC(C)=O']",152.0838
HMDB,CC(=O)OC1CC(OC2C(C)OC(OC3C(C)OC(OC4CCC5(C)C(CCC6C5CCC5(C)C(C7=CC(=O)OC7)C(OC(C)=O)CC65O)C4)CC3OC(C)=O)CC2OC(C)=O)OC(C)C1OC(C)=O,['[*]C1=CC(=O)OC1'],"['[*]O', '[*]OC(C)=O', '[*]OC1CC(OC(C)=O)C(OC2CC(OC(C)=O)C(OC3CC(OC(C)=O)C(OC(C)=O)C(C)O3)C(C)O2)C(C)O1']",614.1847
HMDB,COC1CC(OC2CCC3(C)C4CCC5(C)C(C6=CC(=O)OC6)CCC5(O)C4CCC3(O)C2)OC(C)C1OC1OC(CO)C(O)C(O)C1O,['[*]C1=CC(=O)OC1'],"['[*]O', '[*]OC1CC(OC)C(OC2OC(CO)C(O)C(O)C2O)C(C)O1']",304.0795
HMDB,CC12CCC(O)CC1(O)CCC1C2CCC2(C)C(C3=CC(=O)OC3)CCC12O,['[*]C1=CC(=O)OC1'],['[*]O'],-18.0469
HMDB,C=C(CCC(C(=O)O)C1C(O)CC2(C)C3=CCC4C(C)(C)C(=O)CCC4(C)C3=CCC12C)C(C)C,['[*]C(CCC(=C)C(C)C)C(=O)O'],"['[*]C', '[*]O', '[*]=O']",90.047
HMDB,CC12C=CC(=O)C=C1C1CC1C1C2CCC2(C)C1C1CC1C21CCC(=O)O1,['[*]CCC(=O)O[*]'],"['[*]C[*]', '[*]=O']",-12.0939
HMDB,CC12CCC3C(CCC4(O)CC(O)CCC34C=O)C1(O)CCC2C1=CC(=O)OC1,['[*]C1=CC(=O)OC1'],"['[*]=O', '[*]O']",-20.0626
HMDB,CC(CCC(=O)NCCS(=O)(=O)O)C1CCC2C3C(=O)CC4CC(=O)CCC4(C)C3CC(=O)C12C,['[*]C(C)CCC(=O)NCCS(=O)(=O)O'],['[*]=O'],100.9572
HMDB,CC(CCCC(O)(C(=O)O)C(O)O)C1CCC2C3CCC4CCCCC4(C)C3CCC12C,['[*]C(C)CCCC(O)(C(=O)O)C(O)O'],[],90.0317
HMDB,CC1CC2C(C(O)CC3(C)C2CCC3(OC(=O)CCC(=O)O)C(=O)CO)C2(C)C=CC(=O)C=C12,"['[*]C(=O)CO', '[*]OC(=O)CCC(=O)O']","['[*]O', '[*]=O', '[*]C']",81.9327
HMDB,CC(CCC(=O)N(C)CC(=O)O)C1CCC2C3C(O)CC4CC(O)CCC4(C)C3CC(O)C12C,['[*]C(C)CCC(=O)N(C)CC(=O)O'],['[*]O'],71.0372
HMDB,CC1=C(CO)C(=O)OC(C(C)C2CCC3C4CC5OC56C(O)C=CC(=O)C6(C)C4CCC23C)C1,['[*]C(C)C1CC(C)=C(CO)C(=O)O1'],"['[*]=O', '[*]O', '[*]O[*]']",77.9742
HMDB,CC(=O)OC1C2C3CCC(C(C)(O)C4CC(C)=C(C)C(=O)O4)C3(C)CCC2C2(C)C(=O)C=CC(O)C23OC13,['[*]C(C)(O)C1CC(C)=C(C)C(=O)O1'],"['[*]=O', '[*]O', '[*]O[*]', '[*]OC(C)=O']",135.9797
HMDB,CC1OC(OC2CCC3(C)C(CCC4C3CCC3(C)C(C5=CC(=O)OC5)CCC43O)C2)C(O)C(O)C1N,['[*]C1=CC(=O)OC1'],"['[*]O', '[*]OC1OC(C)C(N)C(O)C1O']",143.0219
LIPIDMAPS,CC(CCC(=O)O)C1CCC2C3C(O)CC4CC(O)CCC4(C)C3CC(O)C12C,['[*]C(C)CCC(=O)O'],['[*]O'],0
LIPIDMAPS,CC(CCC(=O)O)C1CCC2C3CCC4CCCCC4(C)C3CCC12C,['[*]C(C)CCC(=O)O'],[],0
LIPIDMAPS,CC(CCC(=O)O)C1CCC2C3CCC4CC(O)CCC4(C)C3CCC12C,['[*]C(C)CCC(=O)O'],['[*]O'],0
LIPIDMAPS,CC(CCC(=O)O)C1CCC2C3CC(O)C4CCCCC4(C)C3CCC12C,['[*]C(C)CCC(=O)O'],['[*]O'],0
LIPIDMAPS,CC(CCC(=O)O)C1CCC2C3C(O)CC4CCCCC4(C)C3CCC12C,['[*]C(C)CCC(=O)O'],['[*]O'],0
LIPIDMAPS,CC(CCC(=O)O)C1CCC2C3CCC4CCCCC4(C)C3CC(O)C12C,['[*]C(C)CCC(=O)O'],['[*]O'],0
LIPIDMAPS,CC(CCC(=O)O)C1CCC2C3CCC4CC(O)CC(O)C4(C)C3CCC12C,['[*]C(C)CCC(=O)O'],['[*]O'],0
LIPIDMAPS,CC(CCC(=O)O)C1CCC2C3CCC4CC(O)C(O)CC4(C)C3CCC12C,['[*]C(C)CCC(=O)O'],['[*]O'],0
LIPIDMAPS,CC(CCC(=O)O)C1CCC2C3CCC4C(O)C(O)CCC4(C)C3CCC12C,['[*]C(C)CCC(=O)O'],['[*]O'],0
LIPIDMAPS,CC(CCC(=O)O)C1CCC2C3CC(O)C4CC(O)CCC4(C)C3CCC12C,['[*]C(C)CCC(=O)O'],['[*]O'],0
LIPIDMAPS,CC(CCC(=O)O)C1CCC2C3C(O)CC4CC(O)CCC4(C)C3CCC12C,['[*]C(C)CCC(=O)O'],['[*]O'],0
LIPIDMAPS,CC(CCC(=O)O)C1CCC2C3CCC4CC(O)CCC4(C)C3CC(O)C12C,['[*]C(C)CCC(=O)O'],['[*]O'],0
LIPIDMAPS,CC(CCC(=O)O)C1CC(O)C2C3CCC4CC(O)CCC4(C)C3CCC12C,['[*]C(C)CCC(=O)O'],['[*]O'],0
LIPIDMAPS,CC(CCC(=O)O)C1CCC2C3C(O)CC4CCCCC4(C)C3CC(O)C12C,['[*]C(C)CCC(=O)O'],['[*]O'],0
LIPIDMAPS,CC(CCC(=O)O)C1CCC2C3C(O)CC4CC(O)CC(O)C4(C)C3CCC12C,['[*]C(C)CCC(=O)O'],['[*]O'],0
LIPIDMAPS,CC(CCC(=O)O)C1CCC2C3C(O)CC4CC(O)C(O)CC4(C)C3CCC12C,['[*]C(C)CCC(=O)O'],['[*]O'],0
LIPIDMAPS,CC(CCC(=O)O)C1CCC2C3C(O)CC4C(O)C(O)CCC4(C)C3CCC12C,['[*]C(C)CCC(=O)O'],['[*]O'],0
LIPIDMAPS,CC(CCC(=O)O)C1CCC2C3C(O)CC4(O)CC(O)CCC4(C)C3CCC12C,['[*]C(C)CCC(=O)O'],['[*]O'],0
LIPIDMAPS,CC(CCC(=O)O)C1CCC2C3CCC4CC(O)CC(O)C4(C)C3CC(O)C12C,['[*]C(C)CCC(=O)O'],['[*]O'],0
LIPIDMAPS,CC(CCC(=O)O)C1CCC2C3C(O)C(O)C4CC(O)CCC4(C)C3CCC12C,['[*]C(C)CCC(=O)O'],['[*]O'],0
LIPIDMAPS,CC(CCC(=O)O)C1CCC2C3CCC4CC(O)C(O)CC4(C)C3CC(O)C12C,['[*]C(C)CCC(=O)O'],['[*]O'],0
LIPIDMAPS,CC(CCC(=O)O)C1CCC2C3CCC4C(O)C(O)CCC4(C)C3CC(O)C12C,['[*]C(C)CCC(=O)O'],['[*]O'],0
LIPIDMAPS,CC(CCC(=O)O)C1CCC2C3CCC4(O)CC(O)CCC4(C)C3CC(O)C12C,['[*]C(C)CCC(=O)O'],['[*]O'],0
LIPIDMAPS,CC(CCC(=O)O)C1CCC2C3CC(O)C4CC(O)CCC4(C)C3CC(O)C12C,['[*]C(C)CCC(=O)O'],['[*]O'],0
LIPIDMAPS,CC(C(O)CC(=O)O)C1CCC2C3C(O)CC4CC(O)CCC4(C)C3CCC12C,['[*]C(C)C(O)CC(=O)O'],['[*]O'],15.995
LIPIDMAPS,CC(CC(O)C(=O)O)C1CCC2C3C(O)CC4CC(O)CCC4(C)C3CCC12C,['[*]C(C)CC(O)C(=O)O'],['[*]O'],15.995
LIPIDMAPS,CC(CCC(=O)O)C1CCC2C3CCC4CC(O)CCC4(C)C3(O)C(O)CC12C,['[*]C(C)CCC(=O)O'],['[*]O'],0
LIPIDMAPS,CC(CCC(=O)O)C1CCC2C3C(=O)CC4CC(=O)CCC4(C)C3CC(=O)C12C,['[*]C(C)CCC(=O)O'],['[*]=O'],-6.0469
LIPIDMAPS,CC(CCC(=O)O)C1C(O)CC2C3C(O)CC4CC(O)CCC4(C)C3CCC21C,['[*]C(C)CCC(=O)O'],['[*]O'],0
LIPIDMAPS,CC(CCC(=O)O)C1CC(O)C2C3CCC4CC(O)CCC4(C)C3C(O)CC12C,['[*]C(C)CCC(=O)O'],['[*]O'],0
LIPIDMAPS,CC(CCC(=O)O)C1CC(O)C2C3CCC4CC(O)CCC4(C)C3CC(O)C12C,['[*]C(C)CCC(=O)O'],['[*]O'],0
LIPIDMAPS,CC(CCC(=O)O)C1C(O)CC2C3CCC4CC(O)CCC4(C)C3CC(O)C21C,['[*]C(C)CCC(=O)O'],['[*]O'],0
LIPIDMAPS,CC(CCC(=O)O)C1CC(O)C2C3CCC4CC(O)CCC4(C)C3CCC12CO,['[*]C(C)CCC(=O)O'],['[*]O'],0
LIPIDMAPS,CC(CC(O)C(=O)O)C1CCC2C3CCC4CC(O)CCC4(C)C3CC(O)C12C,['[*]C(C)CC(O)C(=O)O'],['[*]O'],15.995
LIPIDMAPS,CC(CCC(=O)O)C1CCC2C3C(O)CC4CC(O)CC(O)C4(C)C3CC(O)C12C,['[*]C(C)CCC(=O)O'],['[*]O'],0
LIPIDMAPS,CC(CCC(=O)O)C1CCC2C3C(O)CC4CC(O)C(O)CC4(C)C3CC(O)C12C,['[*]C(C)CCC(=O)O'],['[*]O'],0
LIPIDMAPS,CC(CCC(=O)O)C1CCC2C3C(O)CC4C(O)C(O)CCC4(C)C3CC(O)C12C,['[*]C(C)CCC(=O)O'],['[*]O'],0
LIPIDMAPS,CC(CCC(=O)O)C1CCC2C3C(O)C(O)C4CC(O)CCC4(C)C3CC(O)C12C,['[*]C(C)CCC(=O)O'],['[*]O'],0
LIPIDMAPS,CC(CCC(=O)O)C1CCC2C3C(O)CC4CC(O)CCC4(CO)C3CC(O)C12C,['[*]C(C)CCC(=O)O'],['[*]O'],0
LIPIDMAPS,CC(CCC(=O)O)C1CCC2C3CCC4CC(=O)CCC4(C)C3CCC12C,['[*]C(C)CCC(=O)O'],['[*]=O'],-2.0156
LIPIDMAPS,CC(CCC(=O)O)C1CCC2C3CC(=O)C4CCCCC4(C)C3CCC12C,['[*]C(C)CCC(=O)O'],['[*]=O'],-2.0156
LIPIDMAPS,CC(CCC(=O)O)C1CCC2C3C(=O)CC4CCCCC4(C)C3CCC12C,['[*]C(C)CCC(=O)O'],['[*]=O'],-2.0156
LIPIDMAPS,CC(CCC(=O)O)C1CCC2C3CCC4CCCCC4(C)C3CC(=O)C12C,['[*]C(C)CCC(=O)O'],['[*]=O'],-2.0156
LIPIDMAPS,CC(CCC(=O)O)C1CCC2C3CC(=O)C4CC(=O)CCC4(C)C3CCC12C,['[*]C(C)CCC(=O)O'],['[*]=O'],-4.0313
LIPIDMAPS,CC(CCC(=O)O)C1CCC2C3C(=O)CC4CC(=O)CCC4(C)C3CCC12C,['[*]C(C)CCC(=O)O'],['[*]=O'],-4.0313
LIPIDMAPS,CC(CCC(=O)O)C1CCC2C3CCC4CC(=O)CCC4(C)C3CC(=O)C12C,['[*]C(C)CCC(=O)O'],['[*]=O'],-4.0313
LIPIDMAPS,CC(CCC(=O)O)C1CCC2C3C(=O)CC4CCCCC4(C)C3CC(=O)C12C,['[*]C(C)CCC(=O)O'],['[*]=O'],-4.0313
LIPIDMAPS,CC(CCC(=O)O)C1CCC2C3CCC4CCCCC4(C)C3=CCC12C,['[*]C(C)CCC(=O)O'],[],-2.0156
LIPIDMAPS,CC(CCC(=O)O)C1CCC2C3CCC4CCCCC4(C)C3C=CC12C,['[*]C(C)CCC(=O)O'],[],-2.0156
LIPIDMAPS,CC(CCC(=O)O)C1CC=C2C3CCC4CCCCC4(C)C3CCC21C,['[*]C(C)CCC(=O)O'],[],-2.0156
LIPIDMAPS,CC(CCC(=O)O)C1CCC2C3C(O)C(O)C4CC(=O)CCC4(C)C3CCC12C,['[*]C(C)CCC(=O)O'],"['[*]=O', '[*]O']",-2.0156
LIPIDMAPS,CC(CCC(=O)O)C1CCC2C3CC(=O)C4CC(O)CCC4(C)C3CCC12C,['[*]C(C)CCC(=O)O'],"['[*]O', '[*]=O']",-2.0156
LIPIDMAPS,CC(CCC(=O)O)C1CCC2C3C(=O)CC4CC(O)CCC4(C)C3CCC12C,['[*]C(C)CCC(=O)O'],"['[*]O', '[*]=O']",-2.0156
LIPIDMAPS,CC(CCC(=O)O)C1CCC2C3CCC4CC(O)CCC4(C)C3C(=O)CC12C,['[*]C(C)CCC(=O)O'],"['[*]=O', '[*]O']",-2.0156
LIPIDMAPS,CC(CCC(=O)O)C1CCC2C3CCC4CC(O)CCC4(C)C3CC(=O)C12C,['[*]C(C)CCC(=O)O'],"['[*]=O', '[*]O']",-2.0156
LIPIDMAPS,CC(CCC(=O)O)C1CCC2C3CCC4CC(=O)CCC4(C)C3CC(O)C12C,['[*]C(C)CCC(=O)O'],"['[*]O', '[*]=O']",-2.0156
LIPIDMAPS,CC(CCC(=O)O)C1CCC2C3CC(O)C4CC(=O)CCC4(C)C3CCC12C,['[*]C(C)CCC(=O)O'],"['[*]=O', '[*]O']",-2.0156
LIPIDMAPS,CC(CCC(=O)O)C1CCC2C3C(O)CC4CC(=O)CCC4(C)C3CCC12C,['[*]C(C)CCC(=O)O'],"['[*]=O', '[*]O']",-2.0156
LIPIDMAPS,CC(CCC(=O)O)C1CCC2C3C(O)CC4CCCCC4(C)C3CC(=O)C12C,['[*]C(C)CCC(=O)O'],"['[*]=O', '[*]O']",-2.0156
LIPIDMAPS,CC(CCC(=O)O)C1CCC2C3CCC4CC=CCC4(C)C3CCC12C,['[*]C(C)CCC(=O)O'],[],-2.0156
LIPIDMAPS,CC(CCC(=O)O)C1CCC2C3C(=O)CC4CCCCC4(C)C3CC(O)C12C,['[*]C(C)CCC(=O)O'],"['[*]O', '[*]=O']",-2.0156
LIPIDMAPS,CC(CCC(=O)O)C1CCC2C3CC(=O)C4CC(O)C(O)CC4(C)C3CCC12C,['[*]C(C)CCC(=O)O'],"['[*]O', '[*]=O']",-2.0156
LIPIDMAPS,CC(CCC(=O)O)C1CCC2C3C(=O)C(O)C4CC(O)CCC4(C)C3CCC12C,['[*]C(C)CCC(=O)O'],"['[*]O', '[*]=O']",-2.0156
LIPIDMAPS,CC(CCC(=O)O)C1CCC2C3C(O)C(=O)C4CC(O)CCC4(C)C3CCC12C,['[*]C(C)CCC(=O)O'],"['[*]O', '[*]=O']",-2.0156
LIPIDMAPS,CC(CCC(=O)O)C1CCC2C3C(O)CC4CC(O)CCC4(C)C3CC(=O)C12C,['[*]C(C)CCC(=O)O'],"['[*]=O', '[*]O']",-2.0156
LIPIDMAPS,CC(CCC(=O)O)C1CCC2C3C(=O)CC4CC(O)CCC4(C)C3CC(O)C12C,['[*]C(C)CCC(=O)O'],"['[*]O', '[*]=O']",-2.0156
LIPIDMAPS,CC(CCC(=O)O)C1CCC2C3CCC4CC(O)CCC4(C)C3C(=O)C(O)C12C,['[*]C(C)CCC(=O)O'],"['[*]O', '[*]=O']",-2.0156
LIPIDMAPS,CC(CCC(=O)O)C1CC(=O)C2C3CCC4CC(O)CCC4(C)C3CC(O)C12C,['[*]C(C)CCC(=O)O'],"['[*]=O', '[*]O']",-2.0156
LIPIDMAPS,CC(CCC(=O)O)C1CCC2C3C(O)CC4CC(=O)CCC4(C)C3CC(O)C12C,['[*]C(C)CCC(=O)O'],"['[*]O', '[*]=O']",-2.0156
LIPIDMAPS,CC(CCC(=O)O)C1CCC2C3C(=O)CC4CC(O)CCC4(C)C3CC(=O)C12C,['[*]C(C)CCC(=O)O'],"['[*]=O', '[*]O']",-4.0313
LIPIDMAPS,CC(CCC(=O)O)C1CCC2C3C(O)CC4CC(=O)CCC4(C)C3CC(=O)C12C,['[*]C(C)CCC(=O)O'],"['[*]=O', '[*]O']",-4.0313
LIPIDMAPS,CC(CCC(=O)O)C1CCC2C3C(=O)CC4CC(=O)CCC4(C)C3CC(O)C12C,['[*]C(C)CCC(=O)O'],"['[*]O', '[*]=O']",-4.0313
LIPIDMAPS,CC(CCC(=O)O)C1CCC2C3CCC4=CC(O)CCC4(C)C3CCC12C,['[*]C(C)CCC(=O)O'],['[*]O'],-2.0156
LIPIDMAPS,CC(CCC(=O)O)C1CCC2C3CC=C4CC(O)CCC4(C)C3CCC12C,['[*]C(C)CCC(=O)O'],['[*]O'],-2.0156
LIPIDMAPS,CC(CCC(=O)O)C1CCC2C3C=CC4CC(O)CCC4(C)C3CCC12C,['[*]C(C)CCC(=O)O'],['[*]O'],-2.0156
LIPIDMAPS,CC(CCC(=O)O)C1CCC2C3=CCC4CC(O)CCC4(C)C3CCC21C,['[*]C(C)CCC(=O)O'],['[*]O'],-2.0156
LIPIDMAPS,CC(CCC(=O)O)C1CCC2C3=C(CCC21C)C1(C)CCC(O)CC1CC3,['[*]C(C)CCC(=O)O'],['[*]O'],-2.0156
LIPIDMAPS,CC(CCC(=O)O)C1CCC2=C3CCC4CC(O)CCC4(C)C3CCC21C,['[*]C(C)CCC(=O)O'],['[*]O'],-2.0156
LIPIDMAPS,CC(CCC(=O)O)C1CCC2C3CCC4CC(O)CCC4(C)C3=CCC12C,['[*]C(C)CCC(=O)O'],['[*]O'],-2.0156
LIPIDMAPS,CC(CCC(=O)O)C1CCC2C3CCC4CC(O)CCC4(C)C3C=CC12C,['[*]C(C)CCC(=O)O'],['[*]O'],-2.0156
LIPIDMAPS,CC(CCC(=O)O)C1CC=C2C3CCC4CC(O)CCC4(C)C3CCC21C,['[*]C(C)CCC(=O)O'],['[*]O'],-2.0156
LIPIDMAPS,CC(CCC(=O)O)C1CCC2C3C(O)CC4C=CCCC4(C)C3CCC12C,['[*]C(C)CCC(=O)O'],['[*]O'],-2.0156
LIPIDMAPS,CC(CCC(=O)O)C1CCC2C3CCC4C=CCCC4(C)C3CC(O)C12C,['[*]C(C)CCC(=O)O'],['[*]O'],-2.0156
LIPIDMAPS,CC(CCC(=O)O)C1CCC2C3CC(O)C4=CC(O)CCC4(C)C3CCC12C,['[*]C(C)CCC(=O)O'],['[*]O'],-2.0156
LIPIDMAPS,CC(CCC(=O)O)C1CCC2C3C(O)CC4=CC(O)CCC4(C)C3CCC12C,['[*]C(C)CCC(=O)O'],['[*]O'],-2.0156
LIPIDMAPS,CC(CCC(=O)O)C1CCC2C3C(O)C=C4CC(O)CCC4(C)C3CCC12C,['[*]C(C)CCC(=O)O'],['[*]O'],-2.0156
LIPIDMAPS,CC(CCC(=O)O)C1CCC2C3CC=C4CC(O)CCC4(C)C3CC(O)C12C,['[*]C(C)CCC(=O)O'],['[*]O'],-2.0156
LIPIDMAPS,CC(CCC(=O)O)C1CCC2C3C=CC4CC(O)CCC4(C)C3CC(O)C12C,['[*]C(C)CCC(=O)O'],['[*]O'],-2.0156
LIPIDMAPS,CC(CCC(=O)O)C1CCC2C3=CCC4CC(O)CCC4(C)C3CC(O)C21C,['[*]C(C)CCC(=O)O'],['[*]O'],-2.0156
LIPIDMAPS,CC(CCC(=O)O)C1CCC2C3=C(CC(O)C21C)C1(C)CCC(O)CC1CC3,['[*]C(C)CCC(=O)O'],['[*]O'],-2.0156
LIPIDMAPS,CC(CCC(=O)O)C1CCC2=C3CCC4CC(O)CCC4(C)C3CC(O)C21C,['[*]C(C)CCC(=O)O'],['[*]O'],-2.0156
LIPIDMAPS,CC(CCC(=O)O)C1CCC2C3CCC4CC(O)CCC4(C)C3=CC(O)C12C,['[*]C(C)CCC(=O)O'],['[*]O'],-2.0156
LIPIDMAPS,CC(CCC(=O)O)C1CCC2C3C(O)CC4C=CCCC4(C)C3CC(O)C12C,['[*]C(C)CCC(=O)O'],['[*]O'],-2.0156
LIPIDMAPS,CC(CCC(=O)O)C1CCC2C3C(O)C=C4CC(O)CCC4(C)C3CC(O)C12C,['[*]C(C)CCC(=O)O'],['[*]O'],-2.0156
LIPIDMAPS,CC(/C=C/C(=O)O)C1CCC2C3C(O)CC4CC(O)CCC4(C)C3CCC12C,['[*]C(C)/C=C/C(=O)O'],['[*]O'],-2.0156
LIPIDMAPS,CC(/C=C/C(=O)O)C1CCC2C3CCC4CC(O)CCC4(C)C3CC(O)C12C,['[*]C(C)/C=C/C(=O)O'],['[*]O'],-2.0156
LIPIDMAPS,CC(/C=C/C(=O)O)C1CCC2C3C(O)C(O)C4CC(O)CCC4(C)C3CCC12C,['[*]C(C)/C=C/C(=O)O'],['[*]O'],-2.0156
LIPIDMAPS,CC(/C=C/C(=O)O)C1CCC2C3C(O)CC4CC(O)CCC4(C)C3CC(O)C12C,['[*]C(C)/C=C/C(=O)O'],['[*]O'],-2.0156
LIPIDMAPS,CC(CCC(=O)O)C1CCC2C3CCC4=CC(=O)CCC4(C)C3CCC12C,['[*]C(C)CCC(=O)O'],['[*]=O'],-4.0313
LIPIDMAPS,CC(CCC(=O)O)C1CCC2C3CCC4=CC(=O)C=CC4(C)C3CCC12C,['[*]C(C)CCC(=O)O'],['[*]=O'],-6.0469
LIPIDMAPS,CC(CCC(=O)O)C1CCC2C3C=CC4=CC(=O)CCC4(C)C3CCC12C,['[*]C(C)CCC(=O)O'],['[*]=O'],-6.0469
LIPIDMAPS,CC(CCC(=O)O)C1CCC2C3CCC4=CC(=O)CCC4(C)C3CC(=O)C12C,['[*]C(C)CCC(=O)O'],['[*]=O'],-6.0469
LIPIDMAPS,CC(CCC(=O)O)C1CCC2C3CCC4CC(O)CCC4(C)C3=CC(=O)C12C,['[*]C(C)CCC(=O)O'],"['[*]=O', '[*]O']",-4.0313
LIPIDMAPS,CC(CCC(=O)O)C1CCC2C3C(O)CC4=CC(=O)CCC4(C)C3CCC12C,['[*]C(C)CCC(=O)O'],"['[*]=O', '[*]O']",-4.0313
LIPIDMAPS,CC(CCC(=O)O)C1CCC2C3CCC4=CC(=O)CCC4(C)C3CC(O)C12C,['[*]C(C)CCC(=O)O'],"['[*]O', '[*]=O']",-4.0313
LIPIDMAPS,CC(CCC(=O)O)C1CCC2C3C(O)CC4=CC(=O)CCC4(C)C3CC(O)C12C,['[*]C(C)CCC(=O)O'],"['[*]O', '[*]=O']",-4.0313
LIPIDMAPS,CC(CCC(=O)O)C1CCC2C3C(O)CC4=CC(=O)C=CC4(C)C3CCC12C,['[*]C(C)CCC(=O)O'],"['[*]=O', '[*]O']",-6.0469
LIPIDMAPS,CC(CCC(=O)O)C1CCC2C3CCC4=CC(=O)C=CC4(C)C3CC(O)C12C,['[*]C(C)CCC(=O)O'],"['[*]O', '[*]=O']",-6.0469
LIPIDMAPS,CC(CCC(=O)O)C1CCC2C3C(O)CC4=CC(=O)C=CC4(C)C3CC(O)C12C,['[*]C(C)CCC(=O)O'],"['[*]O', '[*]=O']",-6.0469
LIPIDMAPS,CC(CCC(=O)O)C1CCC2C3C=CC4=CC(=O)CCC4(C)C3CC(O)C12C,['[*]C(C)CCC(=O)O'],"['[*]O', '[*]=O']",-6.0469
LIPIDMAPS,CC12CCC(O)CC1CC(O)C1C2CCC2(C)C(C(CO)CCC(=O)O)CCC12,['[*]C(CO)CCC(=O)O'],['[*]O'],15.995
LIPIDMAPS,CC(CCC(=O)O)C1CCC2C3C(O)C(O)C4CC(O)C(O)CC4(C)C3CCC12C,['[*]C(C)CCC(=O)O'],['[*]O'],0
LIPIDMAPS,CC(CCC(=O)O)C1CCC2C3=C(C(=O)CC21C)C1(C)CCC(O)CC1CC3,['[*]C(C)CCC(=O)O'],"['[*]=O', '[*]O']",-4.0313
LIPIDMAPS,CC(CC(O)C(=O)O)C1CCC2C3C(O)CC4CC(O)CCC4(C)C3CC(O)C12C,['[*]C(C)CC(O)C(=O)O'],['[*]O'],15.995
LIPIDMAPS,CC(CCC(=O)O)C1CCC2C3CCC4CC(O)CCC4(CO)C3CCC12C,['[*]C(C)CCC(=O)O'],['[*]O'],0
LIPIDMAPS,CC(CCC(=O)O)C1CCC2C3C(O)CC4CC(O)CCC4(CO)C3CCC12C,['[*]C(C)CCC(=O)O'],['[*]O'],0
LIPIDMAPS,CC(CCC(=O)O)C1CCC2C3CCC4CC(O)CCC4(CO)C3CC(O)C12C,['[*]C(C)CCC(=O)O'],['[*]O'],0
LIPIDMAPS,CC(CCC(=O)O)C1CCC2C3CCC4CC(=O)CC(O)C4(C)C3CCC12C,['[*]C(C)CCC(=O)O'],"['[*]O', '[*]=O']",-2.0156
LIPIDMAPS,CC(CCC(=O)O)C1CCC2C3C(=O)CC4CC(=O)CC(=O)C4(C)C3CCC12C,['[*]C(C)CCC(=O)O'],['[*]=O'],-6.0469
LIPIDMAPS,CC(CCC(=O)O)C1CC(=O)C2C3CCC4CC(=O)CCC4(C)C3CC(=O)C12C,['[*]C(C)CCC(=O)O'],['[*]=O'],-6.0469
LIPIDMAPS,CC(CCC(=O)O)C1CCC2C3C(O)C(=O)C4CC(O)CCC4(C)C3CC(O)C12C,['[*]C(C)CCC(=O)O'],"['[*]O', '[*]=O']",-2.0156
LIPIDMAPS,CC(CCC(=O)O)C1CCC2C3CCC4C=CCCC4(C)C3CCC12C,['[*]C(C)CCC(=O)O'],[],-2.0156
LIPIDMAPS,CC(CCC(=O)O)C1CCC2C3CCC4=CCCCC4(C)C3CCC12C,['[*]C(C)CCC(=O)O'],[],-2.0156
LIPIDMAPS,CC(CCC(=O)O)C1CCC2C3CC=C4CCCCC4(C)C3CCC12C,['[*]C(C)CCC(=O)O'],[],-2.0156
LIPIDMAPS,CC(CCC(=O)O)C1CCC2C3C=CC4CCCCC4(C)C3CCC12C,['[*]C(C)CCC(=O)O'],[],-2.0156
LIPIDMAPS,CC(CCC(=O)O)C1CCC2C3=CCC4CCCCC4(C)C3CCC21C,['[*]C(C)CCC(=O)O'],[],-2.0156
LIPIDMAPS,CC(CCC(=O)O)C1CCC2C3=C(CCC21C)C1(C)CCCCC1CC3,['[*]C(C)CCC(=O)O'],[],-2.0156
LIPIDMAPS,CC(CCC(=O)O)C1CCC2=C3CCC4CCCCC4(C)C3CCC21C,['[*]C(C)CCC(=O)O'],[],-2.0156
LIPIDMAPS,CC(CCC(=O)O)C1CCC2C3CC(O)C4=CC(=O)CCC4(C)C3CC(O)C12C,['[*]C(C)CCC(=O)O'],"['[*]O', '[*]=O']",-4.0313
LIPIDMAPS,CC(CCC(=O)O)C1CCC2C3CC(O)C4CC(=O)CCC4(C)C3CC(O)C12C,['[*]C(C)CCC(=O)O'],"['[*]O', '[*]=O']",-2.0156
LIPIDMAPS,CC(CCC(=O)O)C1CCC2C3C(=O)C(O)C4CC(O)CCC4(C)C3CC(O)C12C,['[*]C(C)CCC(=O)O'],"['[*]O', '[*]=O']",-2.0156
LIPIDMAPS,CC(CCC(=O)O)C1CCC2C3CCC4CC(=O)C=CC4(C)C3CCC12C,['[*]C(C)CCC(=O)O'],['[*]=O'],-4.0313
LIPIDMAPS,CC(CCC(=O)O)C1CCC2C3C(=O)CC4CC(O)CC(=O)C4(C)C3CCC12C,['[*]C(C)CCC(=O)O'],"['[*]=O', '[*]O']",-4.0313
LIPIDMAPS,CC(CCC(=O)O)C1CCC2C3C(=O)CC4CC=CC(=O)C4(C)C3CCC12C,['[*]C(C)CCC(=O)O'],['[*]=O'],-6.0469
LIPIDMAPS,CC(CCC(=O)O)C1CCC2C3C(O)CC4CC=CCC4(C)C3CCC12C,['[*]C(C)CCC(=O)O'],['[*]O'],-2.0156
LIPIDMAPS,CC(CCC(=O)O)C1CCC2C3CCC4=CC(=O)C=CC4(C)C3CC(=O)C12C,['[*]C(C)CCC(=O)O'],['[*]=O'],-8.0626
LIPIDMAPS,CC(CCC(=O)O)C1CCC2C3CC(O)C4=CC(=O)C=CC4(C)C3CCC12C,['[*]C(C)CCC(=O)O'],"['[*]=O', '[*]O']",-6.0469
LIPIDMAPS,CC(CCC(=O)O)C1CCC2C3C(O)CC4CC(O)CCC4(C)C3C=CC12C,['[*]C(C)CCC(=O)O'],['[*]O'],-2.0156
LIPIDMAPS,CC(CCC(=O)O)C1CCC2C3CCC4CC(O)C=CC4(C)C3CCC12C,['[*]C(C)CCC(=O)O'],['[*]O'],-2.0156
LIPIDMAPS,CC(/C=C/C(=O)O)C1CCC2C3=CCC4CC(O)CCC4(C)C3CCC21C,['[*]C(C)/C=C/C(=O)O'],['[*]O'],-4.0313
LIPIDMAPS,CC(CCC(=O)O)C1CCC2C3CCC4CC(O)CCC4(C)C3C(O)CC12C,['[*]C(C)CCC(=O)O'],['[*]O'],0
LIPIDMAPS,CC(CCC(=O)O)C1CCC2C3CCC4CCCCC4(C)C3C(=O)CC12C,['[*]C(C)CCC(=O)O'],['[*]=O'],-2.0156
LIPIDMAPS,CC(CCC(=O)O)C1CCC2C3CCC4CC(=O)CCC4(C)C3C(=O)CC12C,['[*]C(C)CCC(=O)O'],['[*]=O'],-4.0313
LIPIDMAPS,CC(CCC(=O)O)C1CCC2C3CCC4CC(O)CCC4(C)C3(O)C(=O)CC12C,['[*]C(C)CCC(=O)O'],"['[*]=O', '[*]O']",-2.0156
LIPIDMAPS,CC(CCC(=O)O)C1CCC2C3CCC4CC(=O)CCC4(C)C3=CCC12C,['[*]C(C)CCC(=O)O'],['[*]=O'],-4.0313
LIPIDMAPS,CC(CCC(=O)O)C1CC=C2C3CCC4CC(=O)CCC4(C)C3CC(=O)C21C,['[*]C(C)CCC(=O)O'],['[*]=O'],-6.0469
LIPIDMAPS,CC(CCC(=O)O)C1CC=C2C3CCC4CC(=O)CCC4(C)C3CCC21C,['[*]C(C)CCC(=O)O'],['[*]=O'],-4.0313
LIPIDMAPS,CC(CCC(=O)O)C1CCC2C3=CCC4CC(=O)CCC4(C)C3CCC21C,['[*]C(C)CCC(=O)O'],['[*]=O'],-4.0313
LIPIDMAPS,CC(CCC(=O)O)C1CC=C2C3=C(CCC21C)C1(C)CCC(O)CC1CC3,['[*]C(C)CCC(=O)O'],['[*]O'],-4.0313
LIPIDMAPS,CC(CCC(=O)O)C1CCC2C3=CC(=O)C4CC(O)C(O)CC4(C)C3CCC21C,['[*]C(C)CCC(=O)O'],"['[*]O', '[*]=O']",-4.0313
LIPIDMAPS,CC(/C=C/C(=O)O)C1=CCC2C3CC=C4CC(O)CCC4(C)C3CCC12C,['[*]C(C)/C=C/C(=O)O'],['[*]O'],-6.0469
LIPIDMAPS,CC(/C=C/C(=O)O)C1CCC2C3CC=C4CC(O)CCC4(C)C3CCC12C,['[*]C(C)/C=C/C(=O)O'],['[*]O'],-4.0313
LIPIDMAPS,CC(/C=C/C(=O)O)C1CCC2C3CCC4CC(O)CCC4(C)C3CCC12C,['[*]C(C)/C=C/C(=O)O'],['[*]O'],-2.0156
LIPIDMAPS,CC(CCC(=O)O)C1CCC2C3CCC4=CC(=O)C=CC4(C)C3=CC(=O)C12C,['[*]C(C)CCC(=O)O'],['[*]=O'],-10.0782
LIPIDMAPS,CC(CCC(=O)O)C1CCC2=C3CCC4CCCCC4(C)C3C=CC21C,['[*]C(C)CCC(=O)O'],[],-4.0313
LIPIDMAPS,CC(CCC(=O)O)C1CCC2=C3CCC4C=CCCC4(C)C3C=CC21C,['[*]C(C)CCC(=O)O'],[],-6.0469
LIPIDMAPS,CC(CCC(=O)O)C1CCC2C3=CCC4CCCCC4(C)C3=CCC21C,['[*]C(C)CCC(=O)O'],[],-4.0313
LIPIDMAPS,CC(CCC(=O)O)C1CCC2=C3CCC4CC(O)CCC4(C)C3C=CC21C,['[*]C(C)CCC(=O)O'],['[*]O'],-4.0313
LIPIDMAPS,CC(CCC(=O)O)C1CCC2C3=CCC4CC(O)CCC4(C)C3=CCC21C,['[*]C(C)CCC(=O)O'],['[*]O'],-4.0313
LIPIDMAPS,CC(CCC(=O)O)C1CCC2=C3CCC4CC(=O)CCC4(C)C3C=CC21C,['[*]C(C)CCC(=O)O'],['[*]=O'],-6.0469
LIPIDMAPS,CC(CCC(=O)O)C1CCC2C3=CCC4CC(=O)CCC4(C)C3=CCC21C,['[*]C(C)CCC(=O)O'],['[*]=O'],-6.0469
LIPIDMAPS,CC(CCC(=O)O)C1CCC2C3=CCC4CC(=O)CCC4(C)C3C=CC21C,['[*]C(C)CCC(=O)O'],['[*]=O'],-6.0469
LIPIDMAPS,CC(CCC(=O)O)C1CCC2C3CC=C4CC(O)CCC4(C=O)C3CCC12C,['[*]C(C)CCC(=O)O'],"['[*]=O', '[*]O']",-4.0313
LIPIDMAPS,CC(CCC(=O)O)C1CCC2C3CCC4CC(O)CCC4(C)C3=C(O)C(=O)C12C,['[*]C(C)CCC(=O)O'],"['[*]=O', '[*]O']",-4.0313
LIPIDMAPS,CC(CCC(=O)O)C1CCC2C3CCC4CC(O)CCC4(C)C3C(O)C(=O)C12C,['[*]C(C)CCC(=O)O'],"['[*]=O', '[*]O']",-2.0156
LIPIDMAPS,CC(CCC(=O)O)C1CCC2C3CC(O)C4(O)CC(O)CCC4(C)C3CCC12C,['[*]C(C)CCC(=O)O'],['[*]O'],0
LIPIDMAPS,CC(/C=C/C(=O)O)C1=CCC2C3CCC4CC(O)CCC4(C)C3CCC12C,['[*]C(C)/C=C/C(=O)O'],['[*]O'],-4.0313
LIPIDMAPS,CC(/C=C/C(=O)O)C1=CCC2C3CC=C4CC(O)CC(O)C4(C)C3CCC12C,['[*]C(C)/C=C/C(=O)O'],['[*]O'],-6.0469
LIPIDMAPS,CC(CCC(=O)O)C1CC(O)C2C3CCC4CCCCC4(C)C3CCC12C,['[*]C(C)CCC(=O)O'],['[*]O'],0
LIPIDMAPS,CC(CCC(=O)O)C1CC(=O)C2C3CCC4CCCCC4(C)C3CCC12C,['[*]C(C)CCC(=O)O'],['[*]=O'],-2.0156
LIPIDMAPS,CC(CC(=O)C(=O)O)C1CCC2C3C(=O)CC4CC(=O)CCC4(C)C3CCC12C,['[*]C(C)CC(=O)C(=O)O'],['[*]=O'],9.948
LIPIDMAPS,CC(CC(O)C(=O)O)C1CCC2C3C(=O)CC4CC(=O)CCC4(C)C3CCC12C,['[*]C(C)CC(O)C(=O)O'],['[*]=O'],11.9637
LIPIDMAPS,CC(CCC(=O)O)C1CC=C2C3CCC4CC(O)CCC4(C)C3CC(O)C21C,['[*]C(C)CCC(=O)O'],['[*]O'],-2.0156
LIPIDMAPS,CC(CCC(=O)O)C1CC=C2C3=CCC4CC(O)CCC4(C)C3CC(O)C21C,['[*]C(C)CCC(=O)O'],['[*]O'],-4.0313
LIPIDMAPS,CC(CCC(=O)O)C1CC=C2C3=C(CC(O)C21C)C1(C)CCC(O)CC1CC3,['[*]C(C)CCC(=O)O'],['[*]O'],-4.0313
LIPIDMAPS,CC(CCC(=O)O)C1CCC2C3C(=O)CC4CC(O)CCC4(C)C3C=CC12C,['[*]C(C)CCC(=O)O'],"['[*]O', '[*]=O']",-4.0313
LIPIDMAPS,CC(CCC(=O)O)C1CCC2C3C=CC4CC(=O)CCC4(C)C3CC(=O)C12C,['[*]C(C)CCC(=O)O'],['[*]=O'],-6.0469
LIPIDMAPS,CC(CCC(=O)O)C1CCC2C3C(O)C(O)C4CCCCC4(C)C3CCC12C,['[*]C(C)CCC(=O)O'],['[*]O'],0
LIPIDMAPS,CC(CCC(=O)O)C1CCC2C3C(O)CC4CC(O)CCC4(C)C3C(=O)CC12C,['[*]C(C)CCC(=O)O'],"['[*]=O', '[*]O']",-2.0156
LIPIDMAPS,CC(CCC(=O)O)C1CC(=O)C2=C3CCC4CC(O)CCC4(C)C3CC(O)C21C,['[*]C(C)CCC(=O)O'],"['[*]=O', '[*]O']",-4.0313
LIPIDMAPS,CC(CCC(=O)O)C1CC(O)C2=C3CCC4CC(O)CCC4(C)C3CC(O)C21C,['[*]C(C)CCC(=O)O'],['[*]O'],-2.0156
LIPIDMAPS,CC(CCC(=O)O)C1CCC2C3=CCC4CC(O)CCC4(C)C3CC(=O)C21C,['[*]C(C)CCC(=O)O'],"['[*]=O', '[*]O']",-4.0313
LIPIDMAPS,CC(CCC(=O)O)C1CCC2C3=CCC4CC(=O)CCC4(C)C3CC(=O)C21C,['[*]C(C)CCC(=O)O'],['[*]=O'],-6.0469
LIPIDMAPS,CC(CCC(=O)O)C1CCC2C3C(=O)C=C4CCCCC4(C)C3CC(=O)C12C,['[*]C(C)CCC(=O)O'],['[*]=O'],-6.0469
LIPIDMAPS,CC(CCC(=O)O)C1CCC2C3C(=O)CC4CC(=O)C=CC4(C)C3CC(=O)C12C,['[*]C(C)CCC(=O)O'],['[*]=O'],-8.0626
LIPIDMAPS,CC(CCC(=O)O)C1CCC2C3C(=O)CC4=CC(=O)CCC4(C)C3CC(=O)C12C,['[*]C(C)CCC(=O)O'],['[*]=O'],-8.0626
LIPIDMAPS,CC(CCC(=O)O)C1CCC2C3C(=O)C=C4CC(=O)CCC4(C)C3CC(=O)C12C,['[*]C(C)CCC(=O)O'],['[*]=O'],-8.0626
LIPIDMAPS,CC(CCC(=O)O)C1CCC2C3C(=O)CC4=CC(=O)C=CC4(C)C3CC(=O)C12C,['[*]C(C)CCC(=O)O'],['[*]=O'],-10.0782
LIPIDMAPS,CC(CCC(=O)O)C1CCC2C3C(=O)C=C4CC(=O)C=CC4(C)C3CC(=O)C12C,['[*]C(C)CCC(=O)O'],['[*]=O'],-10.0782
LIPIDMAPS,CC(CCC(=O)O)C1CCC2C3CCC4CC(=O)CCC4(C)C3=CC(O)C12C,['[*]C(C)CCC(=O)O'],"['[*]O', '[*]=O']",-4.0313
LIPIDMAPS,CC(CCC(=O)O)C1CCC2C3CCC4CC(O)CCC4(C)C3C(O)C(O)C12C,['[*]C(C)CCC(=O)O'],['[*]O'],0
LIPIDMAPS,CC(CCC(=O)O)C1CCC2C3=C(CCC21C)C1(C)CCC(=O)CC1CC3,['[*]C(C)CCC(=O)O'],['[*]=O'],-4.0313
LIPIDMAPS,CC(CCC(=O)O)C1CCC2=C3CCC4CC(=O)CCC4(C)C3CCC21C,['[*]C(C)CCC(=O)O'],['[*]=O'],-4.0313
LIPIDMAPS,CC(CCC(=O)O)C1CCC2C3C=CC4CC(=O)CCC4(C)C3CCC12C,['[*]C(C)CCC(=O)O'],['[*]=O'],-4.0313
LIPIDMAPS,CC(CCC(=O)O)C1CCC2C3=C(CC(=O)C21C)C1(C)CCC(O)CC1CC3,['[*]C(C)CCC(=O)O'],"['[*]=O', '[*]O']",-4.0313
LIPIDMAPS,CC(CCC(=O)O)C1CCC2=C3CCC4CC(O)CCC4(C)C3CC(=O)C21C,['[*]C(C)CCC(=O)O'],"['[*]=O', '[*]O']",-4.0313
LIPIDMAPS,CC(CCC(=O)O)C1CCC2=C3CCC4CC(=O)CCC4(C)C3CC(=O)C21C,['[*]C(C)CCC(=O)O'],['[*]=O'],-6.0469
LIPIDMAPS,CC(CCC(=O)O)C1CCC2C3C(O)CC4CC(O)CCC4(C)C3C(=O)C(O)C12C,['[*]C(C)CCC(=O)O'],"['[*]O', '[*]=O']",-2.0156
LIPIDMAPS,CC(CCC(=O)O)C1CCC2C3=CCC4CC(O)CCC4(C)C3=CC(=O)C21C,['[*]C(C)CCC(=O)O'],"['[*]=O', '[*]O']",-6.0469
LIPIDMAPS,CC(CCC(=O)O)C1CCC2C3CCC4CCCCC4(C)C3C(O)C(O)C12C,['[*]C(C)CCC(=O)O'],['[*]O'],0
LIPIDMAPS,CC(CCC(=O)O)C1CCC2C3C=CC4CC(O)CCC4(C)C3CC(=O)C12C,['[*]C(C)CCC(=O)O'],"['[*]=O', '[*]O']",-4.0313
LIPIDMAPS,CC(CCC(=O)O)C1CCC2C3CCC4C=CCCC4(C)C3C=CC12C,['[*]C(C)CCC(=O)O'],[],-4.0313
LIPIDMAPS,CC(CCC(=O)O)C1CCC2C3CCC4CC(O)CCC4(C)C3C(=O)C(=O)C12C,['[*]C(C)CCC(=O)O'],"['[*]=O', '[*]O']",-4.0313
LIPIDMAPS,CC(CCC(=O)O)C1CCC2C3C(O)CC4=CC(=O)C=CC4(C)C3CC(=O)C12C,['[*]C(C)CCC(=O)O'],"['[*]=O', '[*]O']",-8.0626
LIPIDMAPS,CC(CCC(=O)O)C1CC(=O)C2C3=C(CCC21C)C1(C)CCC(O)CC1CC3,['[*]C(C)CCC(=O)O'],"['[*]=O', '[*]O']",-4.0313
LIPIDMAPS,CC(CCC(=O)O)C1CCC2C3C=CC4=CC(=O)C=CC4(C)C3CC(O)C12C,['[*]C(C)CCC(=O)O'],"['[*]O', '[*]=O']",-8.0626
LIPIDMAPS,CC(CCC(=O)O)C1CCC2C3C(=O)C=C4CC(O)CCC4(C)C3CCC12C,['[*]C(C)CCC(=O)O'],"['[*]O', '[*]=O']",-4.0313
LIPIDMAPS,CC(CCC(=O)O)C1CCC2C3C(O)CC4CC=CCC4(C)C3CC(O)C12C,['[*]C(C)CCC(=O)O'],['[*]O'],-2.0156
LIPIDMAPS,CC(CCC(=O)O)C1CCC2C3C=CC4=CC(=O)CCC4(C)C3CC(=O)C12C,['[*]C(C)CCC(=O)O'],['[*]=O'],-8.0626
LIPIDMAPS,CC(CCC(=O)O)C1CCC2C3CCC4CCCCC4(C)C3C(O)CC12C,['[*]C(C)CCC(=O)O'],['[*]O'],0
LIPIDMAPS,CC(CCC(=O)O)C1CCC2C3=CCC4CC(O)CCC4(C)C3=CC(O)C21C,['[*]C(C)CCC(=O)O'],['[*]O'],-4.0313
LIPIDMAPS,CC(CCC(=O)O)C1CCC2C3C(=CC(O)C12C)C1(C)CCC(O)CC1CC3O,['[*]C(C)CCC(=O)O'],['[*]O'],-2.0156
LIPIDMAPS,CC(CCC(=O)O)C1CCC2C3CC=C4CC(O)CCC4(CO)C3CCC12C,['[*]C(C)CCC(=O)O'],['[*]O'],-2.0156
LIPIDMAPS,CC(CCC(=O)O)C1CCC2C3=CC(=O)C4CC(O)CCC4(C)C3CC(O)C21C,['[*]C(C)CCC(=O)O'],"['[*]O', '[*]=O']",-4.0313
LIPIDMAPS,CC(CCC(=O)O)C1CCC2C3CC(O)C4=CC(=O)CCC4(C)C3CCC12C,['[*]C(C)CCC(=O)O'],"['[*]=O', '[*]O']",-4.0313
LIPIDMAPS,CC(/C=C/C(=O)O)C1CCC2C3CCC4=CC(=O)C=CC4(C)C3CC(O)C12C,['[*]C(C)/C=C/C(=O)O'],"['[*]O', '[*]=O']",-8.0626
LIPIDMAPS,CC(CCC(=O)O)C1CCC2C3C(O)CC4CC(=O)C(O)CC4(C)C3CC(O)C12C,['[*]C(C)CCC(=O)O'],"['[*]O', '[*]=O']",-2.0156
LIPIDMAPS,CC(CCC(=O)O)C1CC(O)C2C3C(O)CC4CC(O)CCC4(C)C3CCC12C,['[*]C(C)CCC(=O)O'],['[*]O'],0
LIPIDMAPS,CC(CCC(=O)O)C1CCC2C3CCC4(O)CC(O)CCC4(C)C3CCC12C,['[*]C(C)CCC(=O)O'],['[*]O'],0
LIPIDMAPS,CC(CCC(=O)O)C1CCC2C3C(=CC(=O)C12C)C1(C)CCC(O)CC1CC3O,['[*]C(C)CCC(=O)O'],"['[*]=O', '[*]O']",-4.0313
LIPIDMAPS,CC(CCC(=O)O)C1CCC2C3C(O)CC4CC(O)CCC4(C)C3C(O)C(=O)C12C,['[*]C(C)CCC(=O)O'],"['[*]=O', '[*]O']",-2.0156
LIPIDMAPS,CC(CCC(=O)O)C1CCC2C3C(O)CC4=CC(=O)CCC4(C)C3CC(=O)C12C,['[*]C(C)CCC(=O)O'],"['[*]=O', '[*]O']",-6.0469
LIPIDMAPS,CC(CCC(=O)O)C1CCC2(O)C3C(O)CC4CC(O)CCC4(C)C3CCC12C,['[*]C(C)CCC(=O)O'],['[*]O'],0
LIPIDMAPS,CC(CCC(=O)O)C1CCC2C3C(O)CC4(O)CC(O)CCC4(C)C3CC(O)C12C,['[*]C(C)CCC(=O)O'],['[*]O'],0
LIPIDMAPS,CC(CC(O)C(=O)O)C1CCC2C3C(O)CC4(O)CC(O)CCC4(C)C3CCC12C,['[*]C(C)CC(O)C(=O)O'],['[*]O'],15.995
LIPIDMAPS,CC(CCC(=O)O)C1CCC2C3CC(O)C4CC(O)CCC4(C)C3CC(=O)C12C,['[*]C(C)CCC(=O)O'],"['[*]=O', '[*]O']",-2.0156
LIPIDMAPS,CC(CCC(=O)O)C1CCC2C3CC(=O)C4CC(=O)CCC4(C)C3CC(=O)C12C,['[*]C(C)CCC(=O)O'],['[*]=O'],-6.0469
LIPIDMAPS,CC(CCC(=O)O)C1CCC2C3CC(O)C4CCCCC4(C)C3CC(O)C12C,['[*]C(C)CCC(=O)O'],['[*]O'],0
LIPIDMAPS,CC(CCC(=O)O)C1CCC2C3C=CC4=CC(=O)C=CC4(C)C3CCC12C,['[*]C(C)CCC(=O)O'],['[*]=O'],-8.0626
LIPIDMAPS,CC(CCC(=O)O)C1CCC2C3CC(=O)C4CC(=O)CCC4(C)C3CC(O)C12C,['[*]C(C)CCC(=O)O'],"['[*]O', '[*]=O']",-4.0313
LIPIDMAPS,CC(CCC(=O)O)C1CCC2C3=CC=C4CC(O)CCC4(C)C3CCC21C,['[*]C(C)CCC(=O)O'],['[*]O'],-4.0313
LIPIDMAPS,CC(CCC(=O)O)C1CCC2C3CCC4=C(O)C(=O)CCC4(C)C3CC(O)C12C,['[*]C(C)CCC(=O)O'],"['[*]O', '[*]=O']",-4.0313
LIPIDMAPS,CC(CCC(=O)O)C1CCC2C3CCC4CC(=O)C(O)=CC4(C)C3CC(O)C12C,['[*]C(C)CCC(=O)O'],"['[*]O', '[*]=O']",-4.0313
LIPIDMAPS,CC(CCC(=O)O)C1=CCC2C3CC=C4CC(O)CCC4(C)C3CCC12C,['[*]C(C)CCC(=O)O'],['[*]O'],-4.0313
LIPIDMAPS,CC(CCC(=O)O)C1=CCC2C3C(O)CC4CC(O)CCC4(C)C3CCC12C,['[*]C(C)CCC(=O)O'],['[*]O'],-2.0156
LIPIDMAPS,CC(C(=O)CC(=O)O)C1CCC2C3C(O)CC4CC(O)CCC4(C)C3CCC12C,['[*]C(C)C(=O)CC(=O)O'],['[*]O'],13.9793
LIPIDMAPS,CC(CCC(=O)O)C1CCC2C3C(=O)C(O)C4CC(=O)CCC4(C)C3CCC12C,['[*]C(C)CCC(=O)O'],"['[*]=O', '[*]O']",-4.0313
LIPIDMAPS,CC(CCC(=O)O)C1CCC2C3C=CC4=CCCCC4(C)C3CCC12C,['[*]C(C)CCC(=O)O'],[],-4.0313
LIPIDMAPS,CC(CCC(=O)O)C1C(O)CC2C3CCC4CC(O)CCC4(C)C3CCC21C,['[*]C(C)CCC(=O)O'],['[*]O'],0
LIPIDMAPS,CC(CCC(=O)O)C1C(O)CC2C3C(O)CC4CC(O)CCC4(C)C3CC(O)C21C,['[*]C(C)CCC(=O)O'],['[*]O'],0
LIPIDMAPS,CC(CCC(=O)SCCNC(=O)CCNC(=O)C(O)C(C)(C)COP(=O)(O)OP(=O)(O)OCC1OC(n2cnc3c(N)ncnc32)C(O)C1OP(=O)(O)O)C1CCC2C3CCC4CC(O)CCC4(C)C3CC(O)C12C,['[*]C(C)CCC(=O)SCCNC(=O)CCNC(=O)C(O)C(C)(C)COP(=O)(O)OP(=O)(O)OCC1OC(n2cnc3c(N)ncnc32)C(O)C1OP(=O)(O)O'],['[*]O'],749.1047
LIPIDMAPS,CC(CCC(=O)SCCNC(=O)CCNC(=O)C(O)C(C)(C)COP(=O)(O)OP(=O)(O)OCC1OC(n2cnc3c(N)ncnc32)C(O)C1OP(=O)(O)O)C1CCC2C3C(O)CC4CC(=O)CCC4(C)C3CC(O)C12C,['[*]C(C)CCC(=O)SCCNC(=O)CCNC(=O)C(O)C(C)(C)COP(=O)(O)OP(=O)(O)OCC1OC(n2cnc3c(N)ncnc32)C(O)C1OP(=O)(O)O'],"['[*]O', '[*]=O']",747.089
LIPIDMAPS,CC(C(O)CC(=O)O)C1CCC2C3CCC4=CC(=O)C=CC4(C)C3CC(O)C12C,['[*]C(C)C(O)CC(=O)O'],"['[*]O', '[*]=O']",9.948
LIPIDMAPS,CC(CCC(=O)SCCNC(=O)CCNC(=O)C(O)C(C)(C)COP(=O)(O)OP(=O)(O)OCC1OC(n2cnc3c(N)ncnc32)C(O)C1OP(=O)(O)O)C1CCC2C3CC(O)C4(O)CC(O)CCC4(C)C3CCC12C,['[*]C(C)CCC(=O)SCCNC(=O)CCNC(=O)C(O)C(C)(C)COP(=O)(O)OP(=O)(O)OCC1OC(n2cnc3c(N)ncnc32)C(O)C1OP(=O)(O)O'],['[*]O'],749.1047
LIPIDMAPS,CC(CCC(=O)SCCNC(=O)CCNC(=O)C(O)C(C)(C)COP(=O)(O)OP(=O)(O)OCC1OC(n2cnc3c(N)ncnc32)C(O)C1OP(=O)(O)O)C1CCC2C3C(O)C=C4CC(O)CCC4(C)C3CCC12C,['[*]C(C)CCC(=O)SCCNC(=O)CCNC(=O)C(O)C(C)(C)COP(=O)(O)OP(=O)(O)OCC1OC(n2cnc3c(N)ncnc32)C(O)C1OP(=O)(O)O'],['[*]O'],747.089
LIPIDMAPS,CC(CCC(=O)SCCNC(=O)CCNC(=O)C(O)C(C)(C)COP(=O)(O)OP(=O)(O)OCC1OC(n2cnc3c(N)ncnc32)C(O)C1OP(=O)(O)O)C1CCC2C3C(O)CC4=CC(=O)CCC4(C)C3CCC12C,['[*]C(C)CCC(=O)SCCNC(=O)CCNC(=O)C(O)C(C)(C)COP(=O)(O)OP(=O)(O)OCC1OC(n2cnc3c(N)ncnc32)C(O)C1OP(=O)(O)O'],"['[*]=O', '[*]O']",745.0734
LIPIDMAPS,COC(=O)/C=C/C(C)C1CCC2C3CCC4=CC(=O)C=CC4(C)C3C(OC(C)=O)CC12C,['[*]C(C)/C=C/C(=O)OC'],"['[*]OC(C)=O', '[*]=O']",63.9586
LIPIDMAPS,COC(=O)/C=C/C(C)C1CCC2C3CCC4=CC(=O)C=CC4(C)C3C(O)CC12C,['[*]C(C)/C=C/C(=O)OC'],"['[*]O', '[*]=O']",5.9531
LIPIDMAPS,COC(=O)/C=C/C(C)C1CCC2C3CCC4=CC(=O)C=CC4(C)C3CC(O)C12C,['[*]C(C)/C=C/C(=O)OC'],"['[*]O', '[*]=O']",5.9531
LIPIDMAPS,COC(=O)/C=C/C(C)C1CCC2C3CCC4=CC(=O)C=CC4(C)C3CC(OC(C)=O)C12C,['[*]C(C)/C=C/C(=O)OC'],"['[*]OC(C)=O', '[*]=O']",63.9586
LIPIDMAPS,CC(CCCCC(=O)O)C1CCC2C3C(O)CC4CC(O)CCC4(C)C3CC(O)C12C,['[*]C(C)CCCCC(=O)O'],['[*]O'],28.0313
LIPIDMAPS,CC(CCCCC(=O)O)C1CCC2C3CCC4CC(O)CCC4(C)C3CC(O)C12C,['[*]C(C)CCCCC(=O)O'],['[*]O'],28.0313
LIPIDMAPS,CC(CCCCC(=O)O)C1CCC2C3C(O)CC4CC(O)CCC4(C)C3CCC12C,['[*]C(C)CCCCC(=O)O'],['[*]O'],28.0313
LIPIDMAPS,CC(CCCCC(=O)O)C1CCC2C3C(O)C(O)C4CC(O)CCC4(C)C3CCC12C,['[*]C(C)CCCCC(=O)O'],['[*]O'],28.0313
LIPIDMAPS,CC(CCCCC(=O)O)C1CCC2C3CCC4CC(O)CCC4(C)C3CCC12C,['[*]C(C)CCCCC(=O)O'],['[*]O'],28.0313
LIPIDMAPS,CC(CCCCC(=O)O)C1CCC2C3CC(O)C4CC(O)CCC4(C)C3CCC12C,['[*]C(C)CCCCC(=O)O'],['[*]O'],28.0313
LIPIDMAPS,CC(CCCCC(=O)O)C1C(O)CC2C3C(O)CC4CC(O)CCC4(C)C3CCC21C,['[*]C(C)CCCCC(=O)O'],['[*]O'],28.0313
LIPIDMAPS,CC(CCC(C)C1CCC2C3CC=C4CC(O)CCC4(C)C3CCC12C)C(=O)O,['[*]C(C)CCC(C)C(=O)O'],['[*]O'],26.0157
LIPIDMAPS,CC(CCCC(C)C1CCC2C3C(O)CC4CC(O)CCC4(C)C3CC(O)C12C)C(=O)O,['[*]C(C)CCCC(C)C(=O)O'],['[*]O'],42.047
LIPIDMAPS,CC(CCCC(C)C1CCC2C3C(O)CC4CC(O)C(O)CC4(C)C3CC(O)C12C)C(=O)O,['[*]C(C)CCCC(C)C(=O)O'],['[*]O'],42.047
LIPIDMAPS,CC(CCC(O)C(C)C1CCC2C3C(O)CC4CC(O)CCC4(C)C3CC(O)C12C)C(=O)O,['[*]C(C)C(O)CCC(C)C(=O)O'],['[*]O'],58.0419
LIPIDMAPS,CC(CCC(O)C(C)C(=O)O)C1CCC2C3C(O)CC4CC(O)CCC4(C)C3CC(O)C12C,['[*]C(C)CCC(O)C(C)C(=O)O'],['[*]O'],58.0419
LIPIDMAPS,CC(CC(O)CC(C)C1CCC2C3C(O)CC4CC(O)CCC4(C)C3CC(O)C12C)C(=O)O,['[*]C(C)CC(O)CC(C)C(=O)O'],['[*]O'],58.0419
LIPIDMAPS,CC(CCCC(C)C1CCC2C3C(O)CC4CC(O)CC(O)C4(C)C3CC(O)C12C)C(=O)O,['[*]C(C)CCCC(C)C(=O)O'],['[*]O'],42.047
LIPIDMAPS,CC(CCCC(C)C1CCC2C3C(O)CC4CC(=O)CCC4(C)C3CC(O)C12C)C(=O)O,['[*]C(C)CCCC(C)C(=O)O'],"['[*]O', '[*]=O']",40.0313
LIPIDMAPS,CC(CCCC(C)C1CCC2C3C(=O)CC4CC(O)CCC4(C)C3CC(O)C12C)C(=O)O,['[*]C(C)CCCC(C)C(=O)O'],"['[*]O', '[*]=O']",40.0313
LIPIDMAPS,CC(CCCC(C)C1CCC2C3CCC4CC(O)CCC4(C)C3CCC12C)C(=O)O,['[*]C(C)CCCC(C)C(=O)O'],['[*]O'],42.047
LIPIDMAPS,CC(CCCC(C)C1CCC2C3CCC4CC(O)CCC4(C)C3CC(O)C12C)C(=O)O,['[*]C(C)CCCC(C)C(=O)O'],['[*]O'],42.047
LIPIDMAPS,CC(CCCC(C)C1CCC2C3C(O)CC4CC(O)CCC4(C)C3CCC12C)C(=O)O,['[*]C(C)CCCC(C)C(=O)O'],['[*]O'],42.047
LIPIDMAPS,C/C(=C\CCC(C)C1CCC2C3C(O)CC4CC(O)CCC4(C)C3CCC12C)C(=O)O,['[*]C(C)CC/C=C(\\C)C(=O)O'],['[*]O'],40.0313
LIPIDMAPS,CC(/C=C/CC(C)C1CCC2C3C(O)CC4CC(O)CCC4(C)C3CCC12C)C(=O)O,['[*]C(C)C/C=C/C(C)C(=O)O'],['[*]O'],40.0313
LIPIDMAPS,CC(CCC(O)C(C)C1CCC2C3CCC4CC(O)CCC4(C)C3CC(O)C12C)C(=O)O,['[*]C(C)C(O)CCC(C)C(=O)O'],['[*]O'],58.0419
LIPIDMAPS,CC(CCC(O)C(C)C(=O)O)C1CCC2C3C(O)CC4CC(O)CCC4(C)C3CCC12C,['[*]C(C)CCC(O)C(C)C(=O)O'],['[*]O'],58.0419
LIPIDMAPS,C/C(=C\CCC(C)C1CCC2C3C(O)CC4CC(O)CCC4(C)C3CC(O)C12C)C(=O)O,['[*]C(C)CC/C=C(\\C)C(=O)O'],['[*]O'],40.0313
LIPIDMAPS,CC(/C=C/CC(C)C1CCC2C3C(O)CC4CC(O)CCC4(C)C3CC(O)C12C)C(=O)O,['[*]C(C)C/C=C/C(C)C(=O)O'],['[*]O'],40.0313
LIPIDMAPS,CC(CCCC(C)C1CCC2C3C(O)C(O)C4CC(O)CCC4(C)C3CC(O)C12C)C(=O)O,['[*]C(C)CCCC(C)C(=O)O'],['[*]O'],42.047
LIPIDMAPS,CC(CCCC(C)C1CCC2C3CC=C4CC(O)CCC4(C)C3CCC12C)C(=O)O,['[*]C(C)CCCC(C)C(=O)O'],['[*]O'],40.0313
LIPIDMAPS,CC(CCCC(C)(O)C(=O)O)C1CCC2C3C(O)CC4CC(O)CCC4(C)C3CC(O)C12C,['[*]C(C)CCCC(C)(O)C(=O)O'],['[*]O'],58.0419
LIPIDMAPS,C/C(=C\CCC(C)C1CCC2C3C(O)C(O)C4CC(O)CCC4(C)C3CC(O)C12C)C(=O)O,['[*]C(C)CC/C=C(\\C)C(=O)O'],['[*]O'],40.0313
LIPIDMAPS,CC(CCCC(C)C1CCC2C3C(O)CC4CC(O)CCC4(C)C3CC(=O)C12C)C(=O)O,['[*]C(C)CCCC(C)C(=O)O'],"['[*]=O', '[*]O']",40.0313
LIPIDMAPS,CC(CCCC(C)C1CCC2C3C(O)CC4CC(=O)CCC4(C)C3CCC12C)C(=O)O,['[*]C(C)CCCC(C)C(=O)O'],"['[*]=O', '[*]O']",40.0313
LIPIDMAPS,CC(CCCC(C)C1CCC2C3C(=O)CC4CC(=O)CCC4(C)C3CCC12C)C(=O)O,['[*]C(C)CCCC(C)C(=O)O'],['[*]=O'],38.0157
LIPIDMAPS,C/C(=C\CCC(C)C1CCC2C3CCC4CC(O)CCC4(C)C3CC(O)C12C)C(=O)O,['[*]C(C)CC/C=C(\\C)C(=O)O'],['[*]O'],40.0313
LIPIDMAPS,C/C(=C\CCC(C)C1CCC2C3CCC4CC(O)CCC4(C)C3CCC12C)C(=O)O,['[*]C(C)CC/C=C(\\C)C(=O)O'],['[*]O'],40.0313
LIPIDMAPS,CC(CCCC(C)C1CCC2C3C(O)C=C4CC(O)CCC4(C)C3CCC12C)C(=O)O,['[*]C(C)CCCC(C)C(=O)O'],['[*]O'],40.0313
LIPIDMAPS,CC(CCCC(C)C1CCC2C3C(O)CC4=CC(=O)CCC4(C)C3CCC12C)C(=O)O,['[*]C(C)CCCC(C)C(=O)O'],"['[*]=O', '[*]O']",38.0157
LIPIDMAPS,CC(CCCC(C)C1CCC2C3C(O)CC4=CC(=O)CCC4(C)C3CC(O)C12C)C(=O)O,['[*]C(C)CCCC(C)C(=O)O'],"['[*]O', '[*]=O']",38.0157
LIPIDMAPS,CC(CCCC(CO)C(=O)O)C1CCC2C3C(O)CC4CC(O)CCC4(C)C3CC(O)C12C,['[*]C(C)CCCC(CO)C(=O)O'],['[*]O'],58.0419
LIPIDMAPS,CC(CCCC(C)C1CCC2C3C(O)CC4CC(O)CC(O)C4(C)C3CCC12C)C(=O)O,['[*]C(C)CCCC(C)C(=O)O'],['[*]O'],42.047
LIPIDMAPS,CC(C/C=C/CC(=O)O)C1CCC2C3C(O)CC4CC(O)CCC4(C)C3CC(O)C12C,['[*]C(C)C/C=C/CC(=O)O'],['[*]O'],26.0157
LIPIDMAPS,CC(C/C=C/C(CO)C(=O)O)C1CCC2C3C(O)CC4CC(O)CCC4(C)C3CC(O)C12C,['[*]C(C)C/C=C/C(CO)C(=O)O'],['[*]O'],56.0263
LIPIDMAPS,C/C(=C/CCC(C)C1CCC2C3C(O)CC4CC(O)CCC4(C)C3CC(O)C12C)C(=O)O,['[*]C(C)CC/C=C(/C)C(=O)O'],['[*]O'],40.0313
LIPIDMAPS,CC(CCC(O)C(C)C(=O)O)C1CCC2C3CCC4CC(O)CCC4(C)C3CC(O)C12C,['[*]C(C)CCC(O)C(C)C(=O)O'],['[*]O'],58.0419
LIPIDMAPS,CC(CCCC(C)C1CC(O)C2C3C(O)CC4CC(O)CCC4(C)C3CCC12C)C(=O)O,['[*]C(C)CCCC(C)C(=O)O'],['[*]O'],42.047
LIPIDMAPS,CC(CCCC(C)C1C(O)CC2C3C(O)CC4CC(O)CCC4(C)C3CCC21C)C(=O)O,['[*]C(C)CCCC(C)C(=O)O'],['[*]O'],42.047
LIPIDMAPS,CC(CCC(O)C(C)C1CC(O)C2C3C(O)CC4CC(O)CCC4(C)C3CCC12C)C(=O)O,['[*]C(C)C(O)CCC(C)C(=O)O'],['[*]O'],58.0419
LIPIDMAPS,CC(CCC(O)C(C)C1C(O)CC2C3C(O)CC4CC(O)CCC4(C)C3CCC21C)C(=O)O,['[*]C(C)C(O)CCC(C)C(=O)O'],['[*]O'],58.0419
LIPIDMAPS,CC(CCC(O)C(C)C(=O)O)C1C(O)CC2C3C(O)CC4CC(O)CCC4(C)C3CCC21C,['[*]C(C)CCC(O)C(C)C(=O)O'],['[*]O'],58.0419
LIPIDMAPS,CC(CCCC(C)C1C(O)CC2C3C(O)CC4CC(O)CCC4(C)C3CC(O)C21C)C(=O)O,['[*]C(C)CCCC(C)C(=O)O'],['[*]O'],42.047
LIPIDMAPS,CC(CCCC(C)C1CCC2C3CCC4=CC(=O)C=CC4(C)C3CC(C)C12C)C(=O)O,['[*]C(C)CCCC(C)C(=O)O'],"['[*]C', '[*]=O']",50.0157
LIPIDMAPS,CC(=O)OCC1CC2C(CCC3=CC(=O)C=CC32C)C2CCC(C(C)CCCC(C)C(=O)O)C12C,['[*]C(C)CCCC(C)C(=O)O'],"['[*]COC(C)=O', '[*]=O']",108.0212
LIPIDMAPS,CC(CCCC(C)C1CCC2C3CCC4=CC(=O)CCC4(C)C3CCC12C)C(=O)O,['[*]C(C)CCCC(C)C(=O)O'],['[*]=O'],38.0157
LIPIDMAPS,CC(CCCC(C)C1CCC2C3=CCC4CC(=O)CCC4(C)C3CCC21C)C(=O)O,['[*]C(C)CCCC(C)C(=O)O'],['[*]=O'],38.0157
LIPIDMAPS,CC(CCCC(C)C1CCC2C3CCC4CC(=O)CCC4(C)C3CCC12C)C(=O)O,['[*]C(C)CCCC(C)C(=O)O'],['[*]=O'],40.0313
LIPIDMAPS,CC(CCCC(C)C1CCC2C3=CCC4CC(=O)C=CC4(C)C3CCC21C)C(=O)O,['[*]C(C)CCCC(C)C(=O)O'],['[*]=O'],36
LIPIDMAPS,CC(CCCC(C)C1CCC2C3=CCC4CC(O)CCC4(C)C3CCC21C)C(=O)O,['[*]C(C)CCCC(C)C(=O)O'],['[*]O'],40.0313
LIPIDMAPS,CC(CCC(O)C(C)C(=O)SCCNC(=O)CCNC(=O)C(O)C(C)(C)COP(=O)(O)OP(=O)(O)OCC1OC(n2cnc3c(N)ncnc32)C(O)C1OP(=O)(O)O)C1CCC2C3C(O)CC4CC(O)CCC4(C)C3CC(O)C12C,['[*]C(C)CCC(O)C(C)C(=O)SCCNC(=O)CCNC(=O)C(O)C(C)(C)COP(=O)(O)OP(=O)(O)OCC1OC(n2cnc3c(N)ncnc32)C(O)C1OP(=O)(O)O'],['[*]O'],807.1466
LIPIDMAPS,C/C(=C\CCC(C)C1CCC2C3C(O)CC4CC(O)CCC4(C)C3CC(O)C12C)C(=O)SCCNC(=O)CCNC(=O)C(O)C(C)(C)COP(=O)(O)OP(=O)(O)OCC1OC(n2cnc3c(N)ncnc32)C(O)C1OP(=O)(O)O,['[*]C(C)CC/C=C(\\C)C(=O)SCCNC(=O)CCNC(=O)C(O)C(C)(C)COP(=O)(O)OP(=O)(O)OCC1OC(n2cnc3c(N)ncnc32)C(O)C1OP(=O)(O)O'],['[*]O'],789.136
LIPIDMAPS,CC(CCCC(C)C1CCC2C3C(O)CC4CC(O)CCC4(C)C3CC(O)C12C)C(=O)SCCNC(=O)CCNC(=O)C(O)C(C)(C)COP(=O)(O)OP(=O)(O)OCC1OC(n2cnc3c(N)ncnc32)C(O)C1OP(=O)(O)O,['[*]C(C)CCCC(C)C(=O)SCCNC(=O)CCNC(=O)C(O)C(C)(C)COP(=O)(O)OP(=O)(O)OCC1OC(n2cnc3c(N)ncnc32)C(O)C1OP(=O)(O)O'],['[*]O'],791.1516
LIPIDMAPS,CC(CCCC(C)C1CCC2C3C(O)CC4CC(O)CCC4(C)C3CCC12C)C(=O)SCCNC(=O)CCNC(=O)C(O)C(C)(C)COP(=O)(O)OP(=O)(O)OCC1OC(n2cnc3c(N)ncnc32)C(O)C1OP(=O)(O)O,['[*]C(C)CCCC(C)C(=O)SCCNC(=O)CCNC(=O)C(O)C(C)(C)COP(=O)(O)OP(=O)(O)OCC1OC(n2cnc3c(N)ncnc32)C(O)C1OP(=O)(O)O'],['[*]O'],791.1516
LIPIDMAPS,CC(CCC(O)C(C)C(=O)SCCNC(=O)CCNC(=O)C(O)C(C)(C)COP(=O)(O)OP(=O)(O)OCC1OC(n2cnc3c(N)ncnc32)C(O)C1OP(=O)(O)O)C1CCC2C3C(O)CC4CC(O)CCC4(C)C3CCC12C,['[*]C(C)CCC(O)C(C)C(=O)SCCNC(=O)CCNC(=O)C(O)C(C)(C)COP(=O)(O)OP(=O)(O)OCC1OC(n2cnc3c(N)ncnc32)C(O)C1OP(=O)(O)O'],['[*]O'],807.1465
LIPIDMAPS,CC(CCC(O)C(C)C(=O)O)C1CCC2C3C(O)C=C4CC(O)CCC4(C)C3CCC12C,['[*]C(C)CCC(O)C(C)C(=O)O'],['[*]O'],56.0263
LIPIDMAPS,CC(CCCC(C)(O)C(=O)O)C1CCC2C3C(O)C=C4CC(O)CCC4(C)C3CCC12C,['[*]C(C)CCCC(C)(O)C(=O)O'],['[*]O'],56.0263
LIPIDMAPS,CC(CCCC(C)C1CCC2C3CC(O)C4(O)CC(O)CCC4(C)C3CCC12C)C(=O)O,['[*]C(C)CCCC(C)C(=O)O'],['[*]O'],42.047
LIPIDMAPS,CC(CCCC(C)C1CCC2C3C(=O)C=C4CC(O)CCC4(C)C3CCC12C)C(=O)O,['[*]C(C)CCCC(C)C(=O)O'],"['[*]O', '[*]=O']",38.0157
LIPIDMAPS,CC(CCC(O)C(C)C(=O)SCCNC(=O)CCNC(=O)C(O)C(C)(C)COP(=O)(O)OP(=O)(O)OCC1OC(n2cnc3c(N)ncnc32)C(O)C1OP(=O)(O)O)C1CCC2C3CC(O)C4(O)CC(O)CCC4(C)C3CCC12C,['[*]C(C)CCC(O)C(C)C(=O)SCCNC(=O)CCNC(=O)C(O)C(C)(C)COP(=O)(O)OP(=O)(O)OCC1OC(n2cnc3c(N)ncnc32)C(O)C1OP(=O)(O)O'],['[*]O'],807.1466
LIPIDMAPS,CC(CCC(O)C(C)C(=O)O)C1CCC2C3C(O)CC4=CC(=O)CCC4(C)C3CCC12C,['[*]C(C)CCC(O)C(C)C(=O)O'],"['[*]=O', '[*]O']",54.0106
LIPIDMAPS,CC(CCC(O)C(C)C(=O)SCCNC(=O)CCNC(=O)C(O)C(C)(C)COP(=O)(O)OP(=O)(O)OCC1OC(n2cnc3c(N)ncnc32)C(O)C1OP(=O)(O)O)C1CCC2C3C(O)CC4=CC(=O)CCC4(C)C3CCC12C,['[*]C(C)CCC(O)C(C)C(=O)SCCNC(=O)CCNC(=O)C(O)C(C)(C)COP(=O)(O)OP(=O)(O)OCC1OC(n2cnc3c(N)ncnc32)C(O)C1OP(=O)(O)O'],"['[*]=O', '[*]O']",803.1152
LIPIDMAPS,CC(CCCC(C)C1CCC2C3C(O)CC4=CC(=O)CCC4(C)C3CCC12C)C(=O)SCCNC(=O)CCNC(=O)C(O)C(C)(C)COP(=O)(O)OP(=O)(O)OCC1OC(n2cnc3c(N)ncnc32)C(O)C1OP(=O)(O)O,['[*]C(C)CCCC(C)C(=O)SCCNC(=O)CCNC(=O)C(O)C(C)(C)COP(=O)(O)OP(=O)(O)OCC1OC(n2cnc3c(N)ncnc32)C(O)C1OP(=O)(O)O'],"['[*]=O', '[*]O']",787.1203
LIPIDMAPS,CC(C(=O)CCC(C)C1CCC2C3C(O)CC4=CC(=O)CCC4(C)C3CCC12C)C(=O)SCCNC(=O)CCNC(=O)C(O)C(C)(C)COP(=O)(O)OP(=O)(O)OCC1OC(n2cnc3c(N)ncnc32)C(O)C1OP(=O)(O)O,['[*]C(C)CCC(=O)C(C)C(=O)SCCNC(=O)CCNC(=O)C(O)C(C)(C)COP(=O)(O)OP(=O)(O)OCC1OC(n2cnc3c(N)ncnc32)C(O)C1OP(=O)(O)O'],"['[*]=O', '[*]O']",801.0996
LIPIDMAPS,CC(C(=O)O)C(=O)CCC(C)C1CCC2C3C(O)CC4=CC(=O)CCC4(C)C3CCC12C,['[*]C(C)CCC(=O)C(C)C(=O)O'],"['[*]=O', '[*]O']",51.995
LIPIDMAPS,C/C(=C\CCC(C)C1CCC2C3C(O)CC4=CC(=O)CCC4(C)C3CCC12C)C(=O)SCCNC(=O)CCNC(=O)C(O)C(C)(C)COP(=O)(O)OP(=O)(O)OCC1OC(n2cnc3c(N)ncnc32)C(O)C1OP(=O)(O)O,['[*]C(C)CC/C=C(\\C)C(=O)SCCNC(=O)CCNC(=O)C(O)C(C)(C)COP(=O)(O)OP(=O)(O)OCC1OC(n2cnc3c(N)ncnc32)C(O)C1OP(=O)(O)O'],"['[*]=O', '[*]O']",785.1047
LIPIDMAPS,CC(CCC(C)(O)C(C)C(=O)O)C1CCC2C3C(O)CC4CC(O)CCC4(C)C3CC(O)C12C,['[*]C(C)CCC(C)(O)C(C)C(=O)O'],['[*]O'],72.0576
LIPIDMAPS,CC(CCC(C)C1CCC2C3C(O)CC4CC(O)CCC4(C)C3CC(O)C12C)C(C)C(=O)O,['[*]C(C)CCC(C)C(C)C(=O)O'],['[*]O'],56.0626
LIPIDMAPS,C/C(=C\CC(C)C1CCC2C3C(O)CC4CC(O)CCC4(C)C3CC(O)C12C)C(C)C(=O)O,['[*]C(C)C/C=C(\\C)C(C)C(=O)O'],['[*]O'],54.047
LIPIDMAPS,COC(=O)C(C)C(C)CC(OC1OCC(O)C(O)C1O)C(C)C1CCC2C3CCC4=CC(=O)C=CC4(C)C3CCC12C,['[*]C(C)C(CC(C)C(C)C(=O)OC)OC1OCC(O)C(O)C1O'],['[*]=O'],212.0685
LIPIDMAPS,COC(=O)C(C)C(C)C1OC1C(C)C1CCC2C3CCC4=CC(=O)C=CC4(C)C3CCC12C,['[*]C(C)C1OC1C(C)C(C)C(=O)OC'],['[*]=O'],78.0106
LIPIDMAPS,CC(C(=O)O)C1CCC2C3C(O)CC4CC(O)CCC4(C)C3CC(O)C12C,['[*]C(C)C(=O)O'],['[*]O'],-28.0313
LIPIDMAPS,CC(C(=O)O)C1CCC2C3CCC4CC(O)CCC4(C)C3CC(O)C12C,['[*]C(C)C(=O)O'],['[*]O'],-28.0313
LIPIDMAPS,CC(C(=O)O)C1CCC2C3C(O)CC4CC(O)CCC4(C)C3CCC12C,['[*]C(C)C(=O)O'],['[*]O'],-28.0313
LIPIDMAPS,CC(C(=O)O)C1CCC2C3C(O)C(O)C4CC(O)CCC4(C)C3CCC12C,['[*]C(C)C(=O)O'],['[*]O'],-28.0313
LIPIDMAPS,CC(C(=O)O)C1CCC2C3CCC4CC(O)CCC4(C)C3CCC12C,['[*]C(C)C(=O)O'],['[*]O'],-28.0313
LIPIDMAPS,CC(C(=O)O)C1CCC2C3CC(O)C4CC(O)CCC4(C)C3CCC12C,['[*]C(C)C(=O)O'],['[*]O'],-28.0313
LIPIDMAPS,CC(C(=O)O)C1C(O)CC2C3C(O)CC4CC(O)CCC4(C)C3CCC21C,['[*]C(C)C(=O)O'],['[*]O'],-28.0313
LIPIDMAPS,CC(C(=O)O)C1CCC2C3C(O)CC4=CC(=O)C=CC4(C)C3CC(O)C12C,['[*]C(C)C(=O)O'],"['[*]O', '[*]=O']",-34.0782
LIPIDMAPS,CC(C(=O)O)C1CCC2C3CCC4=CC(=O)C=CC4(C)C3CC(O)C12C,['[*]C(C)C(=O)O'],"['[*]O', '[*]=O']",-34.0782
LIPIDMAPS,COC(=O)C(C)C1CCC2C3CCC4=CC(=O)C=CC4(C)C3CCC12C,['[*]C(C)C(=O)OC'],['[*]=O'],-20.0626
LIPIDMAPS,CC(CC(=O)O)C1CCC2C3C(O)CC4CC(O)CCC4(C)C3CCC12C,['[*]C(C)CC(=O)O'],['[*]O'],-14.0156
LIPIDMAPS,CC(CC(=O)O)C1CCC2C3C(O)CC4CC(O)CCC4(C)C3CC(O)C12C,['[*]C(C)CC(=O)O'],['[*]O'],-14.0156
LIPIDMAPS,CC(CC(=O)O)C1CCC2C3CCC4CC(O)CCC4(C)C3CC(O)C12C,['[*]C(C)CC(=O)O'],['[*]O'],-14.0156
LIPIDMAPS,CC(CC(=O)O)C1CCC2C3C(O)C(O)C4CC(O)CCC4(C)C3CCC12C,['[*]C(C)CC(=O)O'],['[*]O'],-14.0156
LIPIDMAPS,CC(CC(=O)O)C1CCC2C3CCC4CC(O)CCC4(C)C3CCC12C,['[*]C(C)CC(=O)O'],['[*]O'],-14.0156
LIPIDMAPS,CC(CC(=O)O)C1CCC2C3CC(O)C4CC(O)CCC4(C)C3CCC12C,['[*]C(C)CC(=O)O'],['[*]O'],-14.0156
LIPIDMAPS,CC(CC(=O)O)C1C(O)CC2C3C(O)CC4CC(O)CCC4(C)C3CCC21C,['[*]C(C)CC(=O)O'],['[*]O'],-14.0156
LIPIDMAPS,CC(CC(=O)O)C1CCC2C3CC=C4CC(O)CCC4(C)C3CCC12C,['[*]C(C)CC(=O)O'],['[*]O'],-16.0313
LIPIDMAPS,COC(=O)CCC(C)C1CCC2C3C(O)CC4CC(=O)CCC4(C)C3CCC12C,['[*]C(C)CCC(=O)OC'],"['[*]=O', '[*]O']",12
LIPIDMAPS,CC(CC(C)C1CCC2C3C(O)CC4CC(O)CCC4(C)C3CC(O)C12C)C(=O)O,['[*]C(C)CC(C)C(=O)O'],['[*]O'],14.0157
LIPIDMAPS,CC(CCCC(=O)O)C1CCC2C3C(O)CC4CC(O)CCC4(C)C3CC(O)C12C,['[*]C(C)CCCC(=O)O'],['[*]O'],14.0157
LIPIDMAPS,CC(C(=O)CCC(=O)O)C1CCC2C3CCC4CC(O)CCC4(C)C3CC(O)C12C,['[*]C(C)C(=O)CCC(=O)O'],['[*]O'],27.995
LIPIDMAPS,CC(CCCC(=O)O)C1CCC2C3C(O)CC4CC(O)CCC4(C)C3CCC12C,['[*]C(C)CCCC(=O)O'],['[*]O'],14.0157
LIPIDMAPS,CC(CCCC(=O)O)C1CCC2C3C(O)C(O)C4CC(O)CCC4(C)C3CCC12C,['[*]C(C)CCCC(=O)O'],['[*]O'],14.0157
LIPIDMAPS,CC(CCCC(=O)O)C1CCC2C3CCC4CC(O)CCC4(C)C3CCC12C,['[*]C(C)CCCC(=O)O'],['[*]O'],14.0157
LIPIDMAPS,CC(CCCC(=O)O)C1CCC2C3CC(O)C4CC(O)CCC4(C)C3CCC12C,['[*]C(C)CCCC(=O)O'],['[*]O'],14.0157
LIPIDMAPS,CC(CCCC(=O)O)C1C(O)CC2C3C(O)CC4CC(O)CCC4(C)C3CCC21C,['[*]C(C)CCCC(=O)O'],['[*]O'],14.0157
LIPIDMAPS,CC(CCCC(CCC(=O)O)C(=O)O)C1CCC2C3C(O)CC4CC(O)CCC4(C)C3CC(O)C12C,['[*]C(C)CCCC(CCC(=O)O)C(=O)O'],['[*]O'],100.0525
